"Reserve","SiteID","Vegetation_Zone","Total.unvegetated_slope","Bare_slope","Total.live.veg_slope","H.Halophyte_slope","EIR_slope","Richness_slope","SWdiv_slope","Salt_to_Total_slope","Spartina.alterniflora_slope","Juncus.roemerianus_slope","Wrack_slope","Other.Unvegetated_slope","B.Brackish_slope","F.Freshwater_slope","U.Upland_slope","Invasive_Cover_slope","Spartina.patens_slope","Dead_slope","Other.live.vegetation_slope","Water_slope","Salicornia.pacifica_slope","Rock_slope","Wood_slope","A.Algae_slope","tide_range_slope","temp_avg_slope","precip_sum_slope","Geomorphology","Tidal_Range","Salinity_category","SLR_since_1970","SLR_last19yrs","Latitude","NERR_Region","Region","NERRS_MARS","NERRs_Landscape_resiliency_condition_sum_quantile","NERRs_Landscape_resiliency_vulnerability_sum_quantile","NERRs_Landscape_UnvegVegEdge_ratio","NERRs_Landscape_Core_edge_ratio","NERRs_Landscape_%_Natural","NERRs_Landscape_tidal_range","NERRs_Landscape_Pct_MUC_below_MHHW","Criteria_for_site_not_met","SET_change","SET_deficit","proportion_low","proportion_midToHigh","proportion_uplandOrFresh","siteAvg_distance_to_water","siteAvg_orthometric_height","zoneAvg_distance_to_water","zoneAvg_orthometric_height"
"ACE-EIN","EIN","Mid",-0.930471909612941,-0.930471909612941,0.930573991506085,0.930573991506085,0.00930492381425902,0.0123643137274237,0.00380882398708634,-2.45386962599358e-17,1.30047334806063,-0.369899356554542,,,,,,,,,,,,,,,0.00233333333333328,0.0829824561403504,0.368947368421035,"Riverine","Microtidal","Polyhaline",4.06,10.79,32.505441,"Southeast","NA25",2.48,3,-14,1.66,2.14,93.74,2.02,0.73,,10.47,-6.41,0.25,0.75,0,50.125,0.645190476190476,63.2777777777778,0.606933333333333
"ACE-EIN","EIN","Low",-0.771110626043463,-0.771110626043463,0.771249225068836,0.771249225068836,0.0104445928708268,-0.0498028282771197,-0.017720056225083,-3.77346230836308e-17,1.04447314698522,0,,,,,,,,,,,,,,,0.00233333333333328,0.0829824561403504,0.368947368421035,"Riverine","Microtidal","Polyhaline",4.06,10.79,32.505441,"Southeast","NA25",2.48,3,-14,1.66,2.14,93.74,2.02,0.73,,10.47,-6.41,0.25,0.75,0,50.125,0.645190476190476,10.6666666666667,0.740833333333333
"ACE-EIS","EIS","Mid",-2.895524170847,-2.895524170847,2.89555403460093,2.89555403460093,0.0289553312997318,0.061502024317622,0.00739230241629157,-2.06675599258244e-17,2.36526244844904,0,,,,,,,,,,,,,,,0.00233333333333328,0.0829824561403504,0.368947368421035,"Riverine","Microtidal","Polyhaline",4.06,10.79,32.500047,"Southeast","NA25",2.48,3,-14,1.66,2.41,93.74,2.02,0.73,,6.93,-2.87,0.0476190476190476,0.952380952380952,0,35.1428571428571,0.831894736842105,36.85,0.839
"ACE-EIS","EIS","Low",-0.75871668120152,-0.75871668120152,0.758716681201518,0.758716681201518,0.00749037455066672,-0.1748044948634,-0.0384764284727463,0,0.749037455066671,0,,,,,,,,,,,,,,,0.00233333333333328,0.0829824561403504,0.368947368421035,"Riverine","Microtidal","Polyhaline",4.06,10.79,32.500047,"Southeast","NA25",2.48,3,-14,1.66,2.41,93.74,2.02,0.73,,6.93,-2.87,0.0476190476190476,0.952380952380952,0,35.1428571428571,0.831894736842105,1,0.704
"APA-LSM","LSM","Low",4.48285370598266,,-4.48301151648923,0,0.0448289240105094,-0.387777125217922,-0.0883975873303622,-0.0392150015874061,0,0,0,4.48285370598266,-3.66869723579392,-1.02287182597052,0.208557545275211,0,0,,,,,,,,-0.000298245614035103,0.0626315789473702,0.0368421052631577,"Riverine","Microtidal","Fresh",2.91,9.11,29.75598,"Gulf Coast","NA25",,9,-1,1.64,2.15,94.94,0.56,0.08,,-6.85,9.76,0.166666666666667,0.5,0.333333333333333,,,,
"APA-LSM","LSM","Mid",5.46027039938476,,-5.46044140956256,0,0.0544767505472877,0.0218298763910828,0.0150452121837845,-0.136984805159627,0,-0.0124114731448354,0,5.46027039938476,-11.7053051985238,5.76861987593247,0.476243913028784,3.1263019672991,0,,,,,,,,-0.000298245614035103,0.0626315789473702,0.0368421052631577,"Riverine","Microtidal","Fresh",2.91,9.11,29.75598,"Gulf Coast","NA25",,9,-1,1.64,2.15,94.94,0.56,0.08,,-6.85,9.76,0.166666666666667,0.5,0.333333333333333,,,,
"APA-LSM","LSM","Up",7.87769577221538,,-7.87814875408389,0,-0.154765448520253,0.207217544974363,0.0821355621842883,-0.155871107621373,0,0,0,7.87769577221538,-15.4767228430735,6.91348169015515,0.685092398834503,0.792578824872091,0,,,,,,,,-0.000298245614035103,0.0626315789473702,0.0368421052631577,"Riverine","Microtidal","Fresh",2.91,9.11,29.75598,"Gulf Coast","NA25",,9,-1,1.64,2.15,94.94,0.56,0.08,,-6.85,9.76,0.166666666666667,0.5,0.333333333333333,,,,
"APA-PC","PC","Low",6.32088594400135,,-6.32094470244218,-2.57471407565694,0.0595555835098854,-0.184088823556118,-0.0423568145557712,0.0229507021402235,-0.877792058046253,-1.01463263568144,0.36529255163279,5.95559339236856,-2.05500110277017,-1.69381260106963,0.00258307705456517,0,-1.83303217950358,,,,,,,,-0.000298245614035103,0.0626315789473702,0.0368421052631577,"Bay Front","Microtidal","Polyhaline",2.91,9.11,29.59641,"Gulf Coast","NA25",,9,-3,0.96,1.02,87.15,0.53,0.26,,5.02,-2.11,0.428571428571429,0.535714285714286,0.0357142857142857,,,,
"APA-PC","PC","Mid",1.50994295971696,,-1.50978832326915,0.344986767594753,0.00185459405495321,-0.0529776952021601,0.0188025622664107,0.000989714906387968,0.210225057831812,-0.259707837497088,0,1.50994295971696,-1.7802115939693,-0.0647627661110331,-0.00980073078357842,0,-1.82199283608352,,,,,,,,-0.000298245614035103,0.0626315789473702,0.0368421052631577,"Bay Front","Microtidal","Polyhaline",2.91,9.11,29.59641,"Gulf Coast","NA25",,9,-3,0.96,1.02,87.15,0.53,0.26,,5.02,-2.11,0.428571428571429,0.535714285714286,0.0357142857142857,,,,
"APA-PC","PC","Up",-1.77745263131286,,1.77992391641833,-7.69068415099308,-0.000106111206364915,-0.0627373372731637,-0.00265180715583218,0,0,9.47060806741141,0,-1.77745263131286,9.47060806741141,0,0,0,0,,,,,,,,-0.000298245614035103,0.0626315789473702,0.0368421052631577,"Bay Front","Microtidal","Polyhaline",2.91,9.11,29.59641,"Gulf Coast","NA25",,9,-3,0.96,1.02,87.15,0.53,0.26,,5.02,-2.11,0.428571428571429,0.535714285714286,0.0357142857142857,,,,
"CBM-MB","MB","Low",-2.08808672063136,-0.600825427738892,2.08807600278052,1.63452162076189,-0.00600767145133527,0.0894548044761217,0.0239978171549213,-0.000250331231099342,1.08139630697462,0.154358834959561,,-2.06372668283694,0.441385800115615,,,0.0860286119213103,-0.0288954665810587,0.576465389944478,0.0121685819030206,,,,,,-0.000185758513931888,0.00243274853801229,0.00724561403508632,"Bay Front","Microtidal","Mesohaline",5.01,5.93,38.231501,"Mid-Atlantic","NA25",1.79,7,-2,1.51,2.03,66.7,0.74,0.19,,3.39,1.62,0.72972972972973,0.27027027027027,0,52.1621621621622,,52.2222222222222,
"CBM-MB","MB","Mid",-1.31125554965656,2.0046671914425,1.31126605549574,0.564601087100689,0.029316905693542,-0.0373565783576966,-0.0113509495650865,-1.49611735117096e-05,0.927028209525925,0.394555946038059,,-2.14252221370232,0.746113050704203,,,0.191766189204988,-0.454937064948123,-1.17340052739674,0.000551917690847718,,,,,,-0.000185758513931888,0.00243274853801229,0.00724561403508632,"Bay Front","Microtidal","Mesohaline",5.01,5.93,38.231501,"Mid-Atlantic","NA25",1.79,7,-2,1.51,2.03,66.7,0.74,0.19,,3.39,1.62,0.72972972972973,0.27027027027027,0,52.1621621621622,,52,
"CBM-OPC","OPC","Low",-3.34550426193348,-0.840305611601395,3.3456569653181,,0.012622930314129,0.0551151221406735,0.0114840593400337,0.00148981450697257,,,,-0.83696872395081,0.109206346935704,3.14830084641446,0.0304830124479334,1.26231715651905,,0.832609621476839,0.0576667595200024,-2.50083954785811,,,,,-0.000185758513931888,0.00243274853801229,0.00724561403508632,"Riverine","Microtidal","Oligohaline",5.01,5.93,39.439123,"Mid-Atlantic","NA25",1.79,7,-10,1.13,0.52,83.55,0.55,0.51,,,,0.36,0.64,0,29.2666666666667,,7.22222222222222,
"CBM-OPC","OPC","Mid",-2.43184918761471,-0.104863578856865,2.43140326526423,,0.00572191417704533,0.0796856379374886,0.0148030040366897,0.00156700887448508,,,,-2.90008697797703,0.0927173144912568,2.2940743404635,-0.00540619018659443,0.210051134193968,,1.19325108260447,0.0500178004960735,-0.620149713385288,,,,,-0.000185758513931888,0.00243274853801229,0.00724561403508632,"Riverine","Microtidal","Oligohaline",5.01,5.93,39.439123,"Mid-Atlantic","NA25",1.79,7,-10,1.13,0.52,83.55,0.55,0.51,,,,0.36,0.64,0,29.2666666666667,,41.6666666666667,
"DEL-SJR","SJR","Up",2.23417053280297,,-2.23417053280297,0,0,-0.397060261102586,-0.134791757447521,,0,,,2.23417053280297,0,,-2.23417053280297,0,0,,,,,,,,0.000473684210526258,-0.144003390830027,-0.0585000000000001,"Riverine","Microtidal","Mesohaline",4.3,6.26,39.08299,"Mid-Atlantic","NA25",2.93,5,-2,0.99,2.28,42.96,1.77,0.51,,4.75,-0.45,0.266666666666667,0.7,0.0333333333333333,,,,
"DEL-SJR","SJR","Low",2.29094223650801,,-2.29094223650801,-2.29094223650801,0.0229094223650801,-0.0557313963373816,-0.0213466584479274,0,-1.18358586724044,,,2.29094223650801,0,,0,0,-0.835579365766223,,,,,,,,0.000473684210526258,-0.144003390830027,-0.0585000000000001,"Riverine","Microtidal","Mesohaline",4.3,6.26,39.08299,"Mid-Atlantic","NA25",2.93,5,-2,0.99,2.28,42.96,1.77,0.51,,4.75,-0.45,0.266666666666667,0.7,0.0333333333333333,,,,
"DEL-SJR","SJR","Mid",1.79029925407477,,-1.79029902122609,-0.2569194688623,0.00557694951628345,-0.0473307269997951,-0.0185745041922264,0,0.223834854540509,,,1.79029925407477,-1.53337955236379,,0,-1.80500963204222,-0.293964479767009,,,,,,,,0.000473684210526258,-0.144003390830027,-0.0585000000000001,"Riverine","Microtidal","Mesohaline",4.3,6.26,39.08299,"Mid-Atlantic","NA25",2.93,5,-2,0.99,2.28,42.96,1.77,0.51,,4.75,-0.45,0.266666666666667,0.7,0.0333333333333333,,,,
"ELK","Upper","Up",9.11041407927428,9.11041407927428,-9.11111629724367,4.15265041848799,0.0263223089632053,-0.108055221336623,-0.0299741562768051,0.0831969445224126,,,0,0,,,-13.2637667157317,,,,,,-1.52077063115215,,,,-0.00371929824561392,0.108903508771926,-0.0066403508771923,"Riverine","Mesotidal","Polyhaline",1.62,3.65,36.849702,"West Coast","NA15",2.46,2,-4,2.31,0.79,41.04,1.61,0.09,,2.29,-0.67,0.75,0.15,0.1,70.1925,1.66226875000075,140.3,2.236012500005
"ELK","Upper","Low",1.07098851322411,0.942474836647753,-1.07084397230583,0,0.00942474836647753,0.0196032651364186,0.0185843652945826,0,,,0.128513676576356,0,,,-1.07084397230583,,,,,,-1.61559915714132,,,,-0.00371929824561392,0.108903508771926,-0.0066403508771923,"Riverine","Mesotidal","Polyhaline",1.62,3.65,36.849702,"West Coast","NA15",2.46,2,-4,2.31,0.79,41.04,1.61,0.09,,2.29,-0.67,0.75,0.15,0.1,70.1925,1.66226875000075,47.9633333333333,1.56291833333333
"ELK","Lower","Up",0,0,0.000387120588517719,0,0.0231179208893152,-0.0696996330781602,-0.0216543614362213,0,,,0,0,,,0.000387120588517719,,,,,,2.31183080099037,,,,-0.00371929824561392,0.108903508771926,-0.0066403508771923,"Riverine","Mesotidal","Polyhaline",1.62,3.65,36.810744,"West Coast","NA15",2.46,2,-4,2.31,0.790000000000001,41.04,1.61,0.09,,2.05,-0.43,0.9,0.025,0.075,55.81975,1.55641624999938,107.786666666667,2.20232499999917
"ELK","Lower","Low",0.036700302030733,0.036700302030733,-0.0367003020307376,0,0.000367003020307336,0,0,0,,,0,0,,,-0.0367003020307376,,,,,,-0.0367003020307376,,,,-0.00371929824561392,0.108903508771926,-0.0066403508771923,"Riverine","Mesotidal","Polyhaline",1.62,3.65,36.810744,"West Coast","NA15",2.46,2,-4,2.31,0.790000000000001,41.04,1.61,0.09,,2.05,-0.43,0.9,0.025,0.075,55.81975,1.55641624999938,51.1383333333333,1.4976666666659
"ELK","Upper","Mid",0,0,-6.90542177459978e-15,0,0,0,0,0,,,0,0,,,-6.90542177459978e-15,,,,,,-6.90542177459978e-15,,,,-0.00371929824561392,0.108903508771926,-0.0066403508771923,"Riverine","Mesotidal","Polyhaline",1.62,3.65,36.849702,"West Coast","NA15",2.46,2,-4,2.31,0.79,41.04,1.61,0.09,,2.29,-0.67,0.75,0.15,0.1,70.1925,1.66226875000075,134.6,1.77652500000167
"GND","spalt","Low",4.35538894593,,-4.35538894593001,0,0.0435538894593,0.0202672093665911,0.0199322077033242,0.02415220776502,-4.14973732825387,-0.205651617676136,,4.35538894593,-0.205651617676136,0,-4.14973732825387,0,0,,0,,,,,,-0.00236842105263155,0.0600994152046809,0.179751461988299,"Bay Front","Microtidal","Polyhaline",4.36,10.98,30.361762,"Gulf Coast","NA25",2.3,10,-7,3.34,4.46,65.57,0.46,0.16,,5.74,-1.38,0.592592592592593,0.407407407407407,0,82.6296296296296,0.173601111111111,64.5,0.171924375
"GND","spalt","Mid",8.94193438180992,,-8.94193438180993,0,0.0806753471236615,0.0915056909256114,0.0305729538420955,-0.0135697905387324,-0.87439966944377,-8.06753471236616,,8.94193438180992,-8.06753471236616,0,-0.87439966944377,0,0,,0,,,,,,-0.00236842105263155,0.0600994152046809,0.179751461988299,"Bay Front","Microtidal","Polyhaline",4.36,10.98,30.361762,"Gulf Coast","NA25",2.3,10,-7,3.34,4.46,65.57,0.46,0.16,,5.74,-1.38,0.592592592592593,0.407407407407407,0,82.6296296296296,0.173601111111111,109,0.17604
"GND","juro low","Low",6.17928756910422,,-6.17928756910423,0,0.0617928756910422,0.0812106480327833,0.0560620158679009,-0.0760810937523596,1.73706333763669,-7.99935014392596,,6.17928756910422,-7.91635090674092,0,1.73706333763669,0,0,,0,,,,,,-0.00236842105263155,0.0600994152046809,0.179751461988299,"Bay Front","Microtidal","Mesohaline",4.36,10.98,30.375463,"Gulf Coast","NA25",2.3,10,-4,2.28,3.98,98.17,0.46,0.18,,6.88,-2.52,0.171428571428571,0.828571428571429,0,82.5714285714286,0.202596,113.333333333333,0.136778333333333
"GND","juro low","Mid",8.6229534876669,,-8.62295348766691,0,0.0851058460792099,0.0473727770986327,0.00517538078615354,-0.00881047955557058,-0.112368879745906,-8.60059235997897,,8.6229534876669,-8.510584607921,0,-0.112368879745906,0,0,,0,,,,,,-0.00236842105263155,0.0600994152046809,0.179751461988299,"Bay Front","Microtidal","Mesohaline",4.36,10.98,30.375463,"Gulf Coast","NA25",2.3,10,-4,2.28,3.98,98.17,0.46,0.18,,6.88,-2.52,0.171428571428571,0.828571428571429,0,82.5714285714286,0.202596,76.2068965517241,0.216213448275862
"GND","juro high","Mid",7.12301432809003,,-7.12301432809004,-0.0726427179504533,0.0715319389109029,0.388122246238344,0.132748284466806,-0.0149114076372917,0,-6.01364915592282,,7.12301432809003,-7.03624110994139,0.0888416197171353,-0.106743113116537,0.0347309569418234,-1.82356356692317,,0.00377099320120347,,,,,,-0.00236842105263155,0.0600994152046809,0.179751461988299,"Riverine","Microtidal","Mesohaline",4.36,10.98,30.398975,"Gulf Coast","NA25",2.3,10,-4,2.28,3.98,98.17,0.46,0.18,,1.12,3.24,0.0952380952380952,0.904761904761905,0,500,0.454506190476191,499.789473684211,0.444171052631579
"GND","juro high","Low",-0.0171944516741334,,0.0171944516741251,0.432025682494428,0.00154829057427313,0.354321627176809,0.102695166812721,-0.00754368201248264,0,0.172023509101444,,-0.0171944516741334,-0.637884924339195,0.187229258107459,0.035824435411433,0.035824435411433,0.52633527623918,,0,,,,,,-0.00236842105263155,0.0600994152046809,0.179751461988299,"Riverine","Microtidal","Mesohaline",4.36,10.98,30.398975,"Gulf Coast","NA25",2.3,10,-4,2.28,3.98,98.17,0.46,0.18,,1.12,3.24,0.0952380952380952,0.904761904761905,0,500,0.454506190476191,502,0.55269
"GND","juro mid","Mid",5.61076387905566,,-5.61076387905567,0.0145170539750372,0.0561076387905566,0.142618453922814,0.0531794013869241,-0.0155986357162962,0,-5.61894277204032,,5.61076387905566,-6.11641443574807,0.413003724019611,0.0781297786977606,0.0262927472529092,-0.640156327168953,,0,,,,,,-0.00236842105263155,0.0600994152046809,0.179751461988299,"Riverine","Microtidal","Mesohaline",4.36,10.98,30.397993,"Gulf Coast","NA25",2.3,10,-4,2.28,3.98,98.17,0.46,0.18,,2.99,1.37,0.075,0.85,0.075,458.7,0.37219425,437.558823529412,0.342411764705882
"GND","juro mid","Low",0.0281857826678849,,-0.0281857826678887,1.05237471503177,-0.0101331667671351,0.304711097300454,0.035690479103834,-0.00175025252662337,0,-1.04150245938139,,0.0281857826678849,-1.15494623008115,0,0.0743857323814912,0.0743857323814912,0,,0,,,,,,-0.00236842105263155,0.0600994152046809,0.179751461988299,"Riverine","Microtidal","Mesohaline",4.36,10.98,30.397993,"Gulf Coast","NA25",2.3,10,-4,2.28,3.98,98.17,0.46,0.18,,2.99,1.37,0.075,0.85,0.075,458.7,0.37219425,556,0.42146
"GND","juro mid","Up",7.91155057656242,,-7.91155057656243,0.124085269642293,-0.0215802144819872,0.787008067750621,0.21956052690913,-0.0130553603772426,0,0,,7.91155057656242,-2.28210671784101,-6.83775603219134,1.08422690382763,0.0969709504847059,-2.70103305122209,,0,,,,,,-0.00236842105263155,0.0600994152046809,0.179751461988299,"Riverine","Microtidal","Mesohaline",4.36,10.98,30.397993,"Gulf Coast","NA25",2.3,10,-4,2.28,3.98,98.17,0.46,0.18,,2.99,1.37,0.075,0.85,0.075,458.7,0.37219425,601,0.660463333333333
"GND","clmaj","Up",-1.51545619144554,,1.51545619144554,0,0,0.8492903988644,0.231541360306823,0.0523449501673083,0,0.375356448478142,,-1.51545619144554,2.9582799964245,-3.28810628559119,1.84528248061223,-0.186772408391559,2.32684414342907,,0,,,,,,-0.00236842105263155,0.0600994152046809,0.179751461988299,"Riverine","Microtidal","Oligohaline",4.36,10.98,30.409709,"Gulf Coast","NA25",2.3,10,-4,2.28,3.98,98.17,0.46,0.18,,2.63,1.73,0,0,1,448.633333333333,0.777764,448.633333333333,0.777764
"GRB","SP","Low",2.11934007854942,2.2609882110601,-2.11936055841998,-3.27492184730662,0.0341387365714382,0.0317366034497995,0.00910687996060566,-2.68998302149897e-05,-3.20295022867641,,-0.196852161692939,0,0,0,0,0,0,0.0617221619862697,0.0025966406106506,,,-0.00651813280401043,0,1.15296464827599,0.00175438596491229,0.102163742690059,-0.125321637426899,"Bay Front","Mesotidal","Polyhaline",3.38,3.62,43.056383,"Northeast","NA10",3.83,5,-6,0.76,0.37,67.84,1.52,0.32,,3.2,0.18,0.133333333333333,0.733333333333333,0.133333333333333,41.0311111111111,,4.5,
"GRB","SP","Mid",-0.656046628997466,0.352948396440104,0.656109561970313,0.605068105824116,0.0118647998593225,-0.0263281680300699,-0.00902691113550923,-0.00022189037252083,0.887257076769601,,-0.350371364744506,0.0154832677220744,0.0803922735845792,-0.0450535595482005,0.0642261461626044,-0.048720572091765,-0.394891293383341,-0.646018117738358,0.00518749509714322,,,-0.0280888106767808,0,-0.053710899149929,0.00175438596491229,0.102163742690059,-0.125321637426899,"Bay Front","Mesotidal","Polyhaline",3.38,3.62,43.056383,"Northeast","NA10",3.83,5,-6,0.76,0.37,67.84,1.52,0.32,,3.2,0.18,0.133333333333333,0.733333333333333,0.133333333333333,41.0311111111111,,39.1212121212121,
"GRB","SP","Up",-0.423624488785937,-0.117438291844787,0.423877300397711,0.324104116687831,0.0171764359311051,-0.036485196582938,-0.000409722545686445,0.0220102566587528,0,,-0.609074390745321,0,1.5110020157177,-1.249591881874,-0.506470758856593,-0.276917247156412,-0.018707799660246,0.302888193804171,0.344833808722774,,,0,0,0,0.00175438596491229,0.102163742690059,-0.125321637426899,"Bay Front","Mesotidal","Polyhaline",3.38,3.62,43.056383,"Northeast","NA10",3.83,5,-6,0.76,0.37,67.84,1.52,0.32,,3.2,0.18,0.133333333333333,0.733333333333333,0.133333333333333,41.0311111111111,,88.0666666666667,
"GRB","GBF","Low",0.455430199268994,-0.398254346740226,-0.455394069292338,-0.320956192822935,-0.00450111018265464,-0.0578453824671106,-0.00990504887757959,0.00114824046308866,-0.326072635050594,,0.906130063387609,0,0,-0.0354904946270552,-0.0651701506352277,0,-0.0964462521211815,-0.0524455173783894,0.0180649883274562,,,0,0,-0.051842219534576,0.00175438596491229,0.102163742690059,-0.125321637426899,"Riverine","Mesotidal","Polyhaline",3.38,3.62,43.061085,"Northeast","NA10",3.83,5,-6,0.76,0.37,67.84,1.52,0.32,,2.87,0.51,0.175,0.675,0.15,21.9225,,1.78571428571429,
"GRB","GBF","Mid",0.0626545310868983,0.28199663756012,-0.0625797734503293,0.166933564593908,0.0132661863047304,-0.0560784377462653,-0.0179920811145561,0.000370855957294601,1.11998958644292,,-0.0458224238402327,0,-0.0667090408801717,-0.071710724506964,-0.0161527907838029,-0.00289645113934345,-0.610973463463902,-0.17351968263299,0.00040285620584532,,,0,0,-0.0753436380791439,0.00175438596491229,0.102163742690059,-0.125321637426899,"Riverine","Mesotidal","Polyhaline",3.38,3.62,43.061085,"Northeast","NA10",3.83,5,-6,0.76,0.37,67.84,1.52,0.32,,2.87,0.51,0.175,0.675,0.15,21.9225,,20.3777777777778,
"GRB","GBF","Up",-0.0861394525599933,-0.00374800781057853,0.0863021642586773,0.0401477601953784,0.000840026611051629,-0.0109795959081031,-0.00968859074532421,0.000899012450729115,0,,-0.232595451567203,0,0.0476597339718413,-1.01534167097177,1.07558435528025,-0.00256327220180184,0.0340923064660409,0.197817615373459,-0.0617480142170143,,,-0.0476136085556701,0,0,0.00175438596491229,0.102163742690059,-0.125321637426899,"Riverine","Mesotidal","Polyhaline",3.38,3.62,43.061085,"Northeast","NA10",3.83,5,-6,0.76,0.37,67.84,1.52,0.32,,2.87,0.51,0.175,0.675,0.15,21.9225,,52.3666666666667,
"GRB","BC","Low",0.55926235421625,0.812860076219836,-0.559227557808397,-0.615425545948132,0.00869045699951458,0.0414673394458393,0.00643640772188296,-2.29701256704832e-17,-0.433608957454076,,-0.145410768775266,0,0,0,0,0,0.00341165564250621,-0.108186953228321,0,,,0,0,0.0561979881397355,0.00175438596491229,0.102163742690059,-0.125321637426899,"Riverine","Mesotidal","Polyhaline",3.38,3.62,43.135955,"Northeast","NA10",3.83,5,-4,0.48,0.23,68.1,1.45,0.35,,,,0.333333333333333,0.466666666666667,0.2,33.19,,24.34,
"GRB","BC","Mid",1.17341146630827,1.1296905399157,-1.17342204033027,-0.746551031413317,0.0160518723188095,-0.0844823800872403,-0.0210503016968349,0.00044954707591501,0.475524546450563,,-0.230815921554174,0,-0.389980711258384,-0.0304843249579109,-0.00226372798278694,0,-0.925610219906197,0.274536847946746,-0.00414224471787178,,,0,0,0,0.00175438596491229,0.102163742690059,-0.125321637426899,"Riverine","Mesotidal","Polyhaline",3.38,3.62,43.135955,"Northeast","NA10",3.83,5,-4,0.48,0.23,68.1,1.45,0.35,,,,0.333333333333333,0.466666666666667,0.2,33.19,,34.2285714285714,
"GRB","BC","Up",1.24616240396155,0.990873988883914,-1.24617306515112,0.431079168273899,0.0123585596990149,-0.184582387576604,-0.0285788877554642,0.0108862438101284,0,,-0.292739354478048,0,-0.184280549954533,-1.42049191591047,0.156959002669916,0.00951574169469477,-0.1265967110778,0.54802776955568,-0.227665609038896,,,0,0,-0.00177316119103984,0.00175438596491229,0.102163742690059,-0.125321637426899,"Riverine","Mesotidal","Polyhaline",3.38,3.62,43.135955,"Northeast","NA10",3.83,5,-4,0.48,0.23,68.1,1.45,0.35,,,,0.333333333333333,0.466666666666667,0.2,33.19,,45.5166666666667,
"GTM","22","Low",-0.554090044602037,,0.554090044602037,0.554090044602037,-0.00554090044602037,0.0404155917594155,0.0282622203320453,3.01485694099249e-18,-0.889676952709395,0,,-0.554090044602037,0,0,0,0,0,,,,,,,,0.00149122807017539,0.158362573099412,0.0669502923976602,"Riverine","Microtidal","Oligohaline",3.84,8.25,29.821681,"Southeast","NA25",,5,-4,2.23,1.12,48.98,1.49,0.68,,7.97,-4.13,1,0,0,6.4,0.387642857142857,6.4,0.387642857142857
"GTM","00","Low",0.212707890060756,,-0.212707890060757,-0.212707890060757,0.00212707890060756,-0.0303309679904359,0.00412944816412394,-4.33534715388391e-17,-0.40687086920977,0,,0.212707890060756,0,0,0,0,0,,,,,,,,0.00149122807017539,0.158362573099412,0.0669502923976602,"Back barrier","Microtidal","Oligohaline",3.84,8.25,29.978118,"Southeast","NA25",,5,-4,2.78,0.73,68.67,1.48,0.89,,-0.58,4.42,1,0,0,6.4,0.321866666666667,6.4,0.321866666666667
"GTM","40","Low",-1.31691153343899,,1.31691153343899,1.31691153343899,-0.0131691153343899,-0.0271113858887604,-3.6420221894974e-05,-1.93286695434666e-17,1.3172291554881,0,,-1.31691153343899,0,0,0,0,0,,,,,,,,0.00149122807017539,0.158362573099412,0.0669502923976602,"Riverine","Microtidal","Oligohaline",3.84,8.25,30.085513,"Southeast","NA25",,7,-2,1.41,0.89,92.19,1.53,0.74,,-0.79,4.63,1,0,0,6.4,0.239733333333333,6.4,0.239733333333333
"GTM","01","Low",0.63528172428017,,-0.635324078512276,-0.635324078512276,0.00635290039259015,0.111921861671033,0.0557496656613767,-6.55548496280215e-17,0.577873407938938,0,,0.63528172428017,0,0,0,0,0,,,,,,,,0.00149122807017539,0.158362573099412,0.0669502923976602,"Riverine","Microtidal","Oligohaline",3.84,8.25,29.628969,"Southeast","NA25",,5,-5,1.9,0.55,67.53,0.9,0.49,,1.72,2.12,1,0,0,6.4,0.0782113333333333,6.4,0.0782113333333333
"GTM","46","Low",1.35539785934551,,-1.35538962782231,-1.85014081394858,0.0135539785934551,-0.0934147163830893,-0.0123723288518464,-3.7413577723738e-17,-0.0292672644108351,0.494751186126269,,1.35539785934551,0.494751186126269,0,0,0,0,,,,,,,,0.00149122807017539,0.158362573099412,0.0669502923976602,"Riverine","Microtidal","Oligohaline",3.84,8.25,29.65862,"Southeast","NA25",,9,-1,0.33,0.45,95.18,0.9,0.36,,3.85,-0.0100000000000002,0.678571428571429,0.0535714285714286,0.267857142857143,50.8214285714286,0.268571694805195,42.2631578947368,0.258117691119691
"JAC","Central Segment","Low",-1.68492504087858,,1.68503188762181,1.68503188762181,-0.0165969617481087,-0.011426775341656,-0.0091346719404934,0,1.88804822801794,,-0.0252822595188618,-1.65964278135972,,,0,0,-0.0540143494871408,,,,,,,,0.00152631578947363,0.0247953216374279,0.0154064327485378,"Bay Front","Microtidal","Oligohaline",4.79,5.55,39.537998,"Mid-Atlantic","NA25",,5,-4,7.98,2.5,64.92,1.15,0.66,,,,1,0,0,,0.458275862068966,,0.458275862068966
"JAC","South Segment","Low",-0.520899664403588,,0.520953061981438,0.520953061981438,-0.00379383343267367,-0.00599485924374588,-0.00715081987569886,-1.9492539154997e-18,0.655982990163857,,-0.141537680167361,-0.379361984236227,,,0,0,-0.00241512794718791,,,,,,,,0.00152631578947363,0.0247953216374279,0.0154064327485378,"Bay Front","Microtidal","Oligohaline",4.79,5.55,39.521132,"Mid-Atlantic","NA25",,5,-4,7.98,2.5,64.92,1.15,0.66,,,,1,0,0,,0.509764705882353,,0.509764705882353
"KAC","FR","Mid",-0.904241785267881,,0.904216649540101,0.732705879594509,-0.00135608751294693,0.0563933606073484,0.013229526626841,-0.00111196764696383,,,,-0.904241785267881,0.0782826228474544,-0.00687775562293197,0.10010590272107,,,,,,,,,,0.00351754385964901,-0.0165789473684209,-0.0141637426900576,"Bay Front","Macrotidal","Mesohaline",-9.62,-7.87,59.803232,"West Coast","NA4",,,,,,,,,,,,0.202127659574468,0.765957446808511,0.0319148936170213,,4.6246675862069,,4.73900304347826
"KAC","FR","Low",-1.59459951317211,,1.59474200346702,1.06032284824059,0.00456466006817922,0.0530936071089218,0.0128736229126912,-0.00173323435595543,,,,-1.59459951317211,0.364414361352405,0.071381895912508,0.0986228979615179,,,,,,,,,,0.00351754385964901,-0.0165789473684209,-0.0141637426900576,"Bay Front","Macrotidal","Mesohaline",-9.62,-7.87,59.803232,"West Coast","NA4",,,,,,,,,,,,0.202127659574468,0.765957446808511,0.0319148936170213,,4.6246675862069,,3.88552933333333
"KAC","FR","Up",-1.82150033664069,,1.82055951688601,0.113476720273451,0,0.385654692710712,0.0458488302117886,-0.0165635620213451,,,,-1.82150033664069,0.265846299898624,2.87971057673928,-1.43847408002535,,,,,,,,,,0.00351754385964901,-0.0165789473684209,-0.0141637426900576,"Bay Front","Macrotidal","Mesohaline",-9.62,-7.87,59.803232,"West Coast","NA4",,,,,,,,,,,,0.202127659574468,0.765957446808511,0.0319148936170213,,4.6246675862069,,5.69064333333333
"KAC","BS","Low",-1.06662510188461,,1.06650758851563,1.11583618381904,0.00276271820535723,0.103335312003242,0.0362678402491943,7.29086463324183e-07,,,,-1.06662510188461,-0.0492570368171998,0,-7.15584862170754e-05,,,,,,,,,,0.00351754385964901,-0.0165789473684209,-0.0141637426900576,"Back Barrier","Macrotidal","Oligohaline",-9.62,-7.87,59.638519,"West Coast","NA4",,,,,,,,,,,,0.931034482758621,0.0344827586206897,0.0344827586206897,,4.3417274137931,,4.25381055555556
"KAC","BS","Mid",-0.50429562408448,,0.505024238717101,2.09780416346055,0,0.194497372231954,0.00968391155404697,-0.039254023579912,,,,-0.50429562408448,-5.51849913085656,4.0725959715899,-0.146876765476785,,,,,,,,,,0.00351754385964901,-0.0165789473684209,-0.0141637426900576,"Back Barrier","Macrotidal","Oligohaline",-9.62,-7.87,59.638519,"West Coast","NA4",,,,,,,,,,,,0.931034482758621,0.0344827586206897,0.0344827586206897,,4.3417274137931,,5.02822
"KAC","BS","Up",-0.33208682757529,,0.331783488986596,0,0,-0.0857610365087786,-0.00361034169870118,0,,,,-0.33208682757529,0,1.17112252445465,-0.839339035468058,,,,,,,,,,0.00351754385964901,-0.0165789473684209,-0.0141637426900576,"Back Barrier","Macrotidal","Oligohaline",-9.62,-7.87,59.638519,"West Coast","NA4",,,,,,,,,,,,0.931034482758621,0.0344827586206897,0.0344827586206897,,4.3417274137931,,6.02899
"KAC","CP","Mid",-0.054208778767592,,0.0541722926985384,0.117173281859177,0.00221526566491076,-0.0800964211874426,-0.0071852069871864,0.000229215988636809,,,,-0.054208778767592,-0.0671105049388438,-0.0112856975329909,0.0153952133111959,,,,,,,,,,0.00351754385964901,-0.0165789473684209,-0.0141637426900576,"Bay Front","Macrotidal","Mesohaline",-9.62,-7.87,59.556792,"West Coast","NA4",,,,,,,,,,,,0.318181818181818,0.681818181818182,0,,3.92290278481013,,4.39174634615385
"KAC","CP","Low",-0.383292538496374,,0.383344015455688,0.383344015455688,0.00134782328475231,-0.0220214772940051,-0.000533919032285445,-4.07978331736295e-19,,,,-0.383292538496374,0,0,0,,,,,,,,,,0.00351754385964901,-0.0165789473684209,-0.0141637426900576,"Bay Front","Macrotidal","Mesohaline",-9.62,-7.87,59.556792,"West Coast","NA4",,,,,,,,,,,,0.318181818181818,0.681818181818182,0,,3.92290278481013,,3.01994481481481
"KAC","SC","Low",-0.985514333336136,,0.985598069109131,0.983136752649582,0.0110363085091119,0.04137300569207,-0.00709742574692929,2.08986282226005e-17,,,,-0.985514333336136,0.00246131645954881,0,0,,,,,,,,,,0.00351754385964901,-0.0165789473684209,-0.0141637426900576,"Bay Front","Macrotidal","Mesohaline",-9.62,-7.87,59.460128,"West Coast","NA4",,,,,,,,,,,,0.515151515151515,0.484848484848485,0,,3.82365967741935,,3.24378266666667
"KAC","SC","Mid",-0.161575592302585,,0.161659625147859,1.10190890019128,0.00482449817427877,-0.00297698545549174,-0.00600197364017328,0.00405217495676424,,,,-0.161575592302585,-0.535040951856871,0,-0.405208323186554,,,,,,,,,,0.00351754385964901,-0.0165789473684209,-0.0141637426900576,"Bay Front","Macrotidal","Mesohaline",-9.62,-7.87,59.460128,"West Coast","NA4",,,,,,,,,,,,0.515151515151515,0.484848484848485,0,,3.82365967741935,,4.367294375
"MAR","MI-W","Low",0.286434758698053,,-0.286642924113475,-0.294783384965294,-0.0202201260106886,-0.108790355949181,-0.0338546453323916,2.93753346612263e-05,-0.604223036569388,,0.282651941867227,0.00378281683082537,0.00957293012049521,,0,,,,-0.00143246926867597,,,,,0,-0.000278637770897839,0.0598538011695924,-0.000657894736844035,"Bay Front","Microtidal","Polyhaline",7.18,10.66,27.937523,"Gulf Coast","NA27",,7,-4,2.72,0.67,86.26,0.2,0.13,,5.49,1.69,1,0,0,10,,10,
"MAR","HF1","Low",11.3867947586998,,-11.3744176839547,-11.4139134097361,0.0420801719563782,-0.258376020545245,-0.0688324673579979,-3.02848352034006e-05,0,,-1.28847910516803,12.6752738638678,0.00663304051021602,,0,,,,0.00131719677109459,,,,,0.0315454885000206,-0.000278637770897839,0.0598538011695924,-0.000657894736844035,"Bay Front","Microtidal","Polyhaline",7.18,10.66,28.305117,"Gulf Coast","NA27",,8,-6,1.5,1.83,82.92,0.12,0.12,,6.19,0.989999999999999,1,0,0,10,,10,
"MAR","HF2","Low",9.84337285371641,,-9.84337285371641,-9.99739966411244,0.0418952487463968,-0.249999944555953,-0.0844947333748192,4.26545051314906e-05,0,,-0.659808025916133,10.5031808796325,0.00196588656807265,,0,,,,0.00128870399178538,,,,,0.150772219836174,-0.000278637770897839,0.0598538011695924,-0.000657894736844035,"Bay Front","Microtidal","Polyhaline",7.18,10.66,28.304803,"Gulf Coast","NA27",,8,-6,1.5,1.83,82.92,0.12,0.12,,-2.18,9.36,1,0,0,20,,20,
"MAR","HF3","Low",8.92994614875273,,-8.92994614875273,-9.01289678099208,0.052853888448479,-0.201462910944851,-0.0544651443018112,-0.000514395986411815,0.00245518763302031,,-0.272406369312491,9.20235251806522,-0.000626939739038441,,0,,,,0.00793453692787715,,,,,0.0756430350505156,-0.000278637770897839,0.0598538011695924,-0.000657894736844035,"Bay Front","Microtidal","Polyhaline",7.18,10.66,28.304229,"Gulf Coast","NA27",,8,-6,1.5,1.83,82.92,0.12,0.12,,-2.02,9.2,1,0,0,10,,10,
"NAR","Nag","Low",3.21366472819546,3.20271993452515,-3.21359853509347,-3.21359853509347,0.0320263857875346,-0.0336420813793307,-0.011925108414382,0,-2.27760695950102,,0.0109447936703027,0,0,,0,0,-0.715269650347061,,,,,0,,,0.00161403508771926,0.0910526315789482,-0.241403508771929,"Bay Front","Microtidal","Polyhaline",3.35,4.38,41.62639,"Northeast","NA10",1.12,3,-6,1.82,0.2,74.79,1.31,0.5,,2.1,1.25,0.208333333333333,0.666666666666667,0.125,45.3152916666667,0.6164751875,26.1572,0.532568666666667
"NAR","Nag","Mid",1.0945935486025,1.07266944363015,-1.09457988271165,-1.09366843051807,0.0137293734760491,-0.015362815150396,-0.0163478559439588,9.43532291492521e-06,1.37298187799463,,0.0219241049723501,0,0,,-0.000911452193581766,0,-1.84969240927386,,,,,0,,,0.00161403508771926,0.0910526315789482,-0.241403508771929,"Bay Front","Microtidal","Polyhaline",3.35,4.38,41.62639,"Northeast","NA10",1.12,3,-6,1.82,0.2,74.79,1.31,0.5,,2.1,1.25,0.208333333333333,0.666666666666667,0.125,45.3152916666667,0.6164751875,43.281375,0.618164114583333
"NAR","Nag","Up",0.889241589993337,0.590205997699653,-0.890211720348412,-0.270121566026692,0.0072048513482015,-0.0688348471326627,-0.00950826436902985,0.000548136543393714,0.470613681792111,,0.299035592293685,0,-0.564171884480281,,-0.0559182698414386,0,0.923610101094501,,,,,0,,,0.00161403508771926,0.0910526315789482,-0.241403508771929,"Bay Front","Microtidal","Polyhaline",3.35,4.38,41.62639,"Northeast","NA10",1.12,3,-6,1.82,0.2,74.79,1.31,0.5,,2.1,1.25,0.208333333333333,0.666666666666667,0.125,45.3152916666667,0.6164751875,88.093,0.747311777777778
"NAR","Coggeshall","Mid",2.19392933394153,2.19075729618485,-2.19406048613548,-2.19406048613548,0.00794254913846149,-0.0563419873552196,-0.0374456277372315,0,0.794218074754403,,0.00317203775667881,0,0,,0,0,-2.20299473059556,,,,,0,,,0.00161403508771926,0.0910526315789482,-0.241403508771929,"Bay Front","Microtidal","Polyhaline",3.35,4.38,41.65078,"Northeast","NA10",1.12,3,-6,1.82,0.2,74.79,1.31,0.5,,1.08,2.27,0.333333333333333,0.523809523809524,0.142857142857143,56.3718095238095,0.603632809523809,46.1002727272727,0.593013363636364
"NAR","Coggeshall","Low",1.76936278800407,1.76487806291432,-1.769387227206,-1.769387227206,0.0176487654451494,-0.0562107459596095,-0.0119284021602164,0,-1.4531812715187,,0.00448472508975113,0,0,,0,0,-0.104276943323489,,,,,0,,,0.00161403508771926,0.0910526315789482,-0.241403508771929,"Bay Front","Microtidal","Polyhaline",3.35,4.38,41.65078,"Northeast","NA10",1.12,3,-6,1.82,0.2,74.79,1.31,0.5,,1.08,2.27,0.333333333333333,0.523809523809524,0.142857142857143,56.3718095238095,0.603632809523809,51.326,0.5164735
"NAR","Coggeshall","Up",1.56505923566174,1.44396157237001,-1.56485556056126,-2.0958078782307,-0.00754898521302431,0.0240880479809361,-0.000120409643791044,0,-0.00333177201596028,,0.384536020390437,0,0.530952317669441,,0,0.530952317669441,0.195328903000006,,,,,-0.263438357098708,,,0.00161403508771926,0.0910526315789482,-0.241403508771929,"Bay Front","Microtidal","Polyhaline",3.35,4.38,41.65078,"Northeast","NA10",1.12,3,-6,1.82,0.2,74.79,1.31,0.5,,1.08,2.27,0.333333333333333,0.523809523809524,0.142857142857143,56.3718095238095,0.603632809523809,105.807666666667,0.8459425
"NIW","Segment A","Mid",-0.164443146401318,,0.153603795673132,0.492525184985689,0,-0.00925475490554425,-0.00370812102697948,0.000966729121867448,0.210462249310884,-0.737588260178783,0.229408611794318,-0.393851758195637,-0.329075893024624,0.0192324965512417,-0.0290779928391746,,-0.27441146971525,,0,,,,,,0.00181630546955624,0.0828187134502919,0.0614912280701724,"Riverine","Microtidal","Polyhaline",3.03,8.56,33.34537724,"Southeast","NA25",,9,-5,2.85,1.88,87.42,1.58,0.95,,1.02,2.01,0.52,0.4,0.08,122.099358414762,0.525556,61.7159546814111,0.85284
"NIW","Segment A","Low",-1.70873285956147,,1.70873285956147,1.70873285956147,-0.0132259239334346,0.00781844736842007,0.000633786099432623,-1.07533464927084e-17,1.59276306412453,0,-0.480071654558436,-1.22866120500304,0,0,0,,0,,0,,,,,,0.00181630546955624,0.0828187134502919,0.0614912280701724,"Riverine","Microtidal","Polyhaline",3.03,8.56,33.34537724,"Southeast","NA25",,9,-5,2.85,1.88,87.42,1.58,0.95,,1.02,2.01,0.52,0.4,0.08,122.099358414762,0.525556,187.019444374507,0.194326923076923
"NIW","Segment A","Up",3.02116277425468,,-3.58944384367859,-2.39399490712644,-0.0391934385846571,-0.2087584271629,-0.0133030950613259,-0.00433090240573116,0,-3.68053339044748,3.36925137237281,-0.348088598118134,-1.52519111957651,0.398543866360374,-0.0627441217220529,,1.83430936148201,,-0.00605756161396057,,,,,,0.00181630546955624,0.0828187134502919,0.0614912280701724,"Riverine","Microtidal","Polyhaline",3.03,8.56,33.34537724,"Southeast","NA25",,9,-5,2.85,1.88,87.42,1.58,0.95,,1.02,2.01,0.52,0.4,0.08,122.099358414762,0.525556,2.03581834317501,1.042125
"NIW","Segment B","Mid",0.985133915261052,,-1.1006011943741,0.335708429972647,0.00258532076702857,-0.0664400175177277,-0.0127746869846853,0.00781788257957372,1.16492045544935,-0.604522101636994,2.18104351051161,-1.19590959525055,-0.953393304826826,-0.379574402604865,-0.103341916915057,,0.400223918860512,,0,,,,,,0.00181630546955624,0.0828187134502919,0.0614912280701724,"Riverine","Microtidal","Polyhaline",3.03,8.56,33.34067163,"Southeast","NA25",,9,-5,2.85,1.88,87.42,1.58,0.95,,0.71,2.32,0.769230769230769,0.230769230769231,0,39.6920298079701,0.387355769230769,4.49245550911179,0.858666666666667
"NIW","Segment B","Low",-1.1379862459347,,1.13799687210741,1.03695447990853,-0.0106087458594698,-0.00422094573438534,-0.000104228442228745,3.9945384152103e-05,1.03695447990853,0,-0.0771200600724582,-1.06086618586225,0.102450454704833,0,-0.00140806250595347,,0,,0,,,,,,0.00181630546955624,0.0828187134502919,0.0614912280701724,"Riverine","Microtidal","Polyhaline",3.03,8.56,33.34067163,"Southeast","NA25",,9,-5,2.85,1.88,87.42,1.58,0.95,,0.71,2.32,0.769230769230769,0.230769230769231,0,39.6920298079701,0.387355769230769,50.2519020976276,0.2459625
"NOC-MI","MI","Low",-0.64225640211231,,0.642247638284529,0.642247638284529,-0.00711995309595845,-0.0191876529008224,4.70208669849624e-05,-7.17640277716289e-18,0.836409550717679,,-0.313851528018602,-0.328404874093708,,,,,-0.0509020845742844,,,,,,,,0.000929824561403529,0.101608187134501,0.084619883040934,"Back barrier","Microtidal","Polyhaline",4.22,9,34.165934,"Southeast","NA25",1.13,3,-8,4.56,0.88,54.91,1.37,0.92,,4.46,-0.24,0.858695652173913,0.141304347826087,0,30.2934782608696,-0.0357555555555556,24.3164556962025,-0.121274358974359
"NOC-MI","MI","Mid",-2.07097090014121,,2.07074298514804,2.07074298514804,0,0.0567434432439,0.0300785039059585,-3.04451857539424e-18,2.53812381242339,,-0.538937593995266,-1.53203330614595,,,,,-0.728148950498708,,,,,,,,0.000929824561403529,0.101608187134501,0.084619883040934,"Back barrier","Microtidal","Polyhaline",4.22,9,34.165934,"Southeast","NA25",1.13,3,-8,4.56,0.88,54.91,1.37,0.92,,4.46,-0.24,0.858695652173913,0.141304347826087,0,30.2934782608696,-0.0357555555555556,66.6153846153846,0.520116666666667
"NOC-RC","MM","Low",4.76622216559756,,-4.7660993878258,-4.86334436548882,0.0369772138775786,0.00257733833219067,0.00129933330889689,-2.27355636799275e-17,-4.87064930166237,,0.18817542542581,4.57804674017175,,,,,0,,,,,,,0.097244977663021,0.000929824561403529,0.0332573099415217,0.0364769005847921,"Back barrier","Microtidal","Polyhaline",4.22,9,34.690962,"Southeast","NA25",1.13,3,-8,6.83,0.49,48.66,1,0.84,,8.2,-3.98,1,0,0,18.1052631578947,-0.110606712482143,18.1052631578947,-0.110606712482143
"SOS","DM","Mid",0,0,-0.000720818292248453,0.50929946914935,0.0023823313979054,0.00412276492951719,0.0151893157793609,-0.00100249791806491,,,,0,-0.597923537009766,0.0975515495363802,0,0,,,0.00270651731142271,,,,0,-0.0123548172796342,-0.00284912280701754,0.11429824561403,-0.0476900584795322,"Riverine","Mesotidal","Mesohaline",0.97,1.41,43.283017,"West Coast","NA15",1.95,6,-7,3.75,0.05,84.74,2.29,0.73,,1.97,-1,0.35,0.65,0,16.7,2.01803833928571,18.7894736842105,2.0763838625
"SOS","DM","Low",0,0,-0.000352646409568357,1.61789571366234,0,0.0123667120879973,-0.00111066128532052,0,,,,0,-1.61824836007191,0,0,0,,,0,,,,0,0,-0.00284912280701754,0.11429824561403,-0.0476900584795322,"Riverine","Mesotidal","Mesohaline",0.97,1.41,43.283017,"West Coast","NA15",1.95,6,-7,3.75,0.05,84.74,2.29,0.73,,1.97,-1,0.35,0.65,0,16.7,2.01803833928571,11.7375,1.87217453125
"SOS","MM","Low",0.174602700073076,0.174602700073076,-0.174329045104731,-0.0285102635201321,0.00174602700073076,-0.0901710791325511,0.00203334814041267,-5.49835475011104e-17,,,,0,-0.145818781584599,0,0,0,,,0,,,,0,0,-0.00284912280701754,0.11429824561403,-0.0476900584795322,"Bay Front","Mesotidal","Polyhaline",0.97,1.41,43.335179,"West Coast","NA15",1.95,6,-7,3.75,0.05,84.74,2.29,0.73,,2.03,-1.06,0.5,0.5,0,21.2,2.0948645625,9.25,1.9967391
"SOS","MM","Mid",-0.474777719287715,0,0.47505421028904,-0.130974666337153,0.000746351331748877,0.171826209387385,0.0282234397427909,3.41122050303179e-06,,,,0,0.606370032788707,0,0,0,,,-0.000341156162513453,,,,-0.474777719287715,0,-0.00284912280701754,0.11429824561403,-0.0476900584795322,"Bay Front","Mesotidal","Polyhaline",0.97,1.41,43.335179,"West Coast","NA15",1.95,6,-7,3.75,0.05,84.74,2.29,0.73,,2.03,-1.06,0.5,0.5,0,21.2,2.0948645625,33.15,2.192990025
"SOS","HC","Mid",0,0,-0.000369336050982434,0.534252440769984,-0.0023062764903867,0.0621989823310367,0.0289860698675371,-0.00214041855054147,,,,0,-0.748666716538121,0.214044939717154,0,0.000306816381988847,,,0,,,,0,0,-0.00284912280701754,0.11429824561403,-0.0476900584795322,"Riverine","Mesotidal","Mesohaline",0.97,1.41,43.292522,"West Coast","NA15",1.95,6,-7,3.75,0.05,84.74,2.29,0.73,,2.32,-1.35,0.268292682926829,0.731707317073171,0,73.780487804878,2.16523937195122,84.7333333333333,2.20856405
"SOS","HC","Low",0.047347528575576,0.047347528575576,-0.0482110845252349,2.98350650892077,0.00047347528575576,-0.165070586789751,0.0157675506170414,0,,,,0,-3.03171759344601,0,0,0,,,0,,,,0,0,-0.00284912280701754,0.11429824561403,-0.0476900584795322,"Riverine","Mesotidal","Mesohaline",0.97,1.41,43.292522,"West Coast","NA15",1.95,6,-7,3.75,0.05,84.74,2.29,0.73,,2.32,-1.35,0.268292682926829,0.731707317073171,0,73.780487804878,2.16523937195122,43.9090909090909,2.04708115909091
"SOS","VM","Mid",0.035660288639726,0.0598552297859858,-0.0362737968559858,-0.0104796758725384,0.00288239950338436,0.00805753516620902,0.0193038267583585,-0.000107068865946661,,,,0,-0.0443990627107442,0.00766289997221128,0,0,,,0.00305554253599427,,,,-0.0241949411462598,0.0078864992190925,-0.00284912280701754,0.11429824561403,-0.0476900584795322,"Riverine","Mesotidal","Polyhaline",0.97,1.41,43.310851,"West Coast","NA15",1.95,6,-7,3.75,0.05,84.74,2.29,0.73,,2.96,-1.99,0.6,0.4,0,5.45,2.1203776125,6.625,2.29129690625
"SOS","VM","Low",0.85699823366605,0.85699823366605,-0.857172267219717,-0.424026850574755,0.00856993170726166,0.0298263115601987,0.0297102440659721,5.30861775697819e-17,,,,0,-0.626591731403403,0,0,0,,,0,,,,0,0.193446314758441,-0.00284912280701754,0.11429824561403,-0.0476900584795322,"Riverine","Mesotidal","Polyhaline",0.97,1.41,43.310851,"West Coast","NA15",1.95,6,-7,3.75,0.05,84.74,2.29,0.73,,2.96,-1.99,0.6,0.4,0,5.45,2.1203776125,4.66666666666667,2.00643141666667
"SOS","VI","Low",0.027782713535381,0.027782713535381,-0.0281656173794223,1.05316730341032,0.00027782713535381,0.0181648580424009,0.0249847769346579,-2.24922384593833e-05,,,,0,-1.08358214463568,0,0,0,,,0.00224922384593809,,,,0,0,-0.00284912280701754,0.11429824561403,-0.0476900584795322,"Riverine","Mesotidal","Polyhaline",0.97,1.41,43.309601,"West Coast","NA15",1.95,6,-7,3.75,0.05,84.74,2.29,0.73,,1.49,-0.52,0.9,0.1,0,15.325,2.0016667,14.5277777777778,2.00055938888889
"SOS","VI","Mid",0,0,0.00135832379751994,0.753033407207922,0,-0.221317652168928,-0.0123532904212968,0,,,,0,-0.751675083410402,0,0,0,,,0,,,,0,0,-0.00284912280701754,0.11429824561403,-0.0476900584795322,"Riverine","Mesotidal","Polyhaline",0.97,1.41,43.309601,"West Coast","NA15",1.95,6,-7,3.75,0.05,84.74,2.29,0.73,,1.49,-0.52,0.9,0.1,0,15.325,2.0016667,22.5,2.0116325
"SOS","MI","Low",0.390630018706355,0.390630018706355,-0.391100268792168,2.19462483162771,0.0039064374196183,0.144364340138737,0.0253570640426171,-2.67731071712738e-05,,,,0,-2.62839501022726,0,0,0,,,0.0026770429860555,,,,0,0.0399928668213252,-0.00284912280701754,0.11429824561403,-0.0476900584795322,"Bay Front","Mesotidal","Polyhaline",0.97,1.41,43.335221,"West Coast","NA15",1.95,6,-7,3.75,0.05,84.74,2.29,0.73,,1.82,-0.85,1,0,0,0,1.9995089047619,0,1.9995089047619
"SOS","WM","Up",0.053012975474958,0.053012975474958,-0.0524332232184402,0.0671317371108867,-0.0319578657850563,0.0476470794457696,0.0124930727794467,-0.0317778344438573,,,,0,-3.2627365022243,3.13674338163967,0,0.185566995519239,,,0.00642816025530608,,,,0,0,-0.00284912280701754,0.11429824561403,-0.0476900584795322,"Riverine","Mesotidal","Fresh",0.97,1.41,43.268985,"West Coast","NA15",1.95,6,-7,3.75,0.05,84.74,2.29,0.73,,11.06,-10.09,0,0,1,24.9,2.445024525,24.9,2.445024525
"TJR","McCoy North","Mid",0.186112409294328,,-0.185960954624032,-0.185203982063559,0,-0.0121165151724566,-0.0181820733901775,0.00010813893721055,,,,-0.808041234293794,,,0,,,0.994153643588122,-0.000756972560473855,,-0.256105287425654,,,,-0.00366666666666663,0.127017543859646,0.00590058479532156,"Back barrier","Mesotidal","Polyhaline",2.71,5.19,32.570532,"West Coast","NA31",3.46,5,-3,0.8,0.68,64.19,1.63,0.24,,,,0,0.8,0.2,50.2,2.085,57.5,1.9959
"TJR","McCoy North","Up",-2.54749119847026,,2.54749119847026,2.7103534753324,0,0.175764844688849,0.00883473516365748,0.208852550969277,,,,1.21159489776125,,,-0.16286227686214,,,-3.75908609623151,0,,0,,,,-0.00366666666666663,0.127017543859646,0.00590058479532156,"Back barrier","Mesotidal","Polyhaline",2.71,5.19,32.570532,"West Coast","NA31",3.46,5,-3,0.8,0.68,64.19,1.63,0.24,,,,0,0.8,0.2,50.2,2.085,21,2.4414
"TJR","McCoy South","Up",2.56304416379132,,-2.56304417008238,-0.424219282372911,0,-0.146135215316339,-0.0257659580659913,0.00256224105825921,,,,-2.17257504698405,,,-1.59410298215081,,,4.73561921077537,-0.544721905558657,,0,,,,-0.00366666666666663,0.127017543859646,0.00590058479532156,"Back barrier","Mesotidal","Polyhaline",2.71,5.19,32.567451,"West Coast","NA31",3.46,5,-3,0.8,0.68,64.19,1.63,0.24,,,,0.25,0.375,0.375,51.3333333333333,2.0725125,58.3333333333333,2.6485
"TJR","McCoy South","Mid",0.83096018756722,,-0.830939981186346,-0.654210875105695,-0.00345798458322342,-0.101687783007029,-0.0252874122050978,-0.00809185077341547,,,,-0.407915447116016,,,0.102819435790445,,,1.23887563468324,-0.279548541871097,,-1.10249299146888,,,,-0.00366666666666663,0.127017543859646,0.00590058479532156,"Back barrier","Mesotidal","Polyhaline",2.71,5.19,32.567451,"West Coast","NA31",3.46,5,-3,0.8,0.68,64.19,1.63,0.24,,,,0.25,0.375,0.375,51.3333333333333,2.0725125,50.8888888888889,1.97795555555556
"TJR","McCoy South","Low",1.26932194379809,,-1.26922093155328,-1.26922093155328,0.010029686059546,-0.0222208065422761,0.00194978768934751,0,,,,1.00301405969541,,,0,,,0.266307884102681,0,,-0.323905918652834,,,,-0.00366666666666663,0.127017543859646,0.00590058479532156,"Back barrier","Mesotidal","Polyhaline",2.71,5.19,32.567451,"West Coast","NA31",3.46,5,-3,0.8,0.68,64.19,1.63,0.24,,,,0.25,0.375,0.375,51.3333333333333,2.0725125,41.5,1.35036666666667
"TJR","South Beach","Mid",0.371486526344545,,-0.371355215537772,-0.634572200381405,-0.0036948540399554,-0.0127971648497222,-0.00264107281036531,0.00544040831720874,,,,-2.46989066793674,,,0.25932702744695,,,2.84137719428129,0.00388995739668444,,-0.369491127904788,,,,-0.00366666666666663,0.127017543859646,0.00590058479532156,"Back barrier","Mesotidal","Polyhaline",2.71,5.19,32.547729,"West Coast","NA31",3.46,3,-1,0.3,0.43,19.47,1.63,0.03,,,,0,0.857142857142857,0.142857142857143,66.2619047619048,2.09842857142857,66.5833333333333,2.17547777777778
"TJR","South Beach","Up",0.460543646495726,,-0.460543646495726,-0.460543646495726,0,-0.00808381055908576,0.00831049184141145,0,,,,0.460543646495726,,,0,,,0,0,,-1.91428440392881,,,,-0.00366666666666663,0.127017543859646,0.00590058479532156,"Back barrier","Mesotidal","Polyhaline",2.71,5.19,32.547729,"West Coast","NA31",3.46,3,-1,0.3,0.43,19.47,1.63,0.03,,,,0,0.857142857142857,0.142857142857143,66.2619047619048,2.09842857142857,64.3333333333333,1.63613333333333
"TJR","V1","Low",-0.422925388998123,,0.422925388998122,0.422925388998122,-0.00422925388998123,0,0,0,,,,-0.422925388998123,,,0,,,0,0,,0.422925388998122,,,,-0.00366666666666663,0.127017543859646,0.00590058479532156,"Back barrier","Mesotidal","Polyhaline",2.71,5.19,32.550214,"West Coast","NA31",3.46,3,-1,0.3,0.43,19.47,1.63,0.03,,,,0.148148148148148,0.592592592592593,0.259259259259259,30.2592592592593,1.88836296296296,61.075,2.37005
"TJR","V1","Mid",2.07598394131724,,-2.07600287801676,-2.07600287801676,-0.00310408661639032,-0.00795838569853947,-0.00117503653161173,0,,,,2.05477224573958,,,0,,,0.0212116955776577,0,,-2.22188132165857,,,,-0.00366666666666663,0.127017543859646,0.00590058479532156,"Back barrier","Mesotidal","Polyhaline",2.71,5.19,32.550214,"West Coast","NA31",3.46,3,-1,0.3,0.43,19.47,1.63,0.03,,,,0.148148148148148,0.592592592592593,0.259259259259259,30.2592592592593,1.88836296296296,34.6375,1.9421375
"TJR","V1","Up",0.523171801258706,,-0.522868779690207,-0.513257488479548,0,0.0415532572060669,0.00504732873786684,0.000112047296097429,,,,0.257783937731712,,,0,,,0.265387863526995,-0.0096112912106591,,-0.520855928251229,,,,-0.00366666666666663,0.127017543859646,0.00590058479532156,"Back barrier","Mesotidal","Polyhaline",2.71,5.19,32.550214,"West Coast","NA31",3.46,3,-1,0.3,0.43,19.47,1.63,0.03,,,,0.148148148148148,0.592592592592593,0.259259259259259,30.2592592592593,1.88836296296296,2.64285714285714,1.4902
"TJR","V3","Mid",-0.743621953550097,,0.743639622141038,0.611483089739619,-0.000955427474534505,-0.000258929793311945,0.0109976301127989,-0.00131689928955807,,,,-1.39067013420153,,,0.0202254991715903,,,0.647048180651436,0.111931033229829,,-0.0187803441833123,,,,-0.00366666666666663,0.127017543859646,0.00590058479532156,"Back barrier","Mesotidal","Polyhaline",2.71,5.19,32.565256,"West Coast","NA31",3.46,5,-3,0.8,0.68,64.19,1.63,0.24,,,,0,1,0,50.8541666666667,1.81729583333333,50.8541666666667,1.81729583333333
"TJR","V4","Mid",-0.80677953979227,,0.806605633520024,0.809082980230889,0.00132911928514036,-0.119112520262416,-0.0171509178979159,2.51036733933114e-05,,,,-0.833449571394259,,,0.000131708944739169,,,0.0266700316019887,-0.00260905565560349,,0.041571940026277,,,,-0.00366666666666663,0.127017543859646,0.00590058479532156,"Back barrier","Mesotidal","Polyhaline",2.71,5.19,32.574838,"West Coast","NA31",3.46,5,-3,0.8,0.68,64.19,1.63,0.24,,1.33,1.38,0.0416666666666667,0.958333333333333,0,29.525,1.63895,30.5695652173913,1.6473652173913
"TJR","V4","Low",-1.46604414013176,,1.46555928135666,1.46555928135666,-0.0146603808435127,-0.224250722198113,-0.0249472451807891,0,,,,-1.46604414013176,,,0,,,0,0,,0.0734313050924711,,,,-0.00366666666666663,0.127017543859646,0.00590058479532156,"Back barrier","Mesotidal","Polyhaline",2.71,5.19,32.574838,"West Coast","NA31",3.46,5,-3,0.8,0.68,64.19,1.63,0.24,,1.33,1.38,0.0416666666666667,0.958333333333333,0,29.525,1.63895,5.5,1.4454
"TJR","Brazo Creek","Mid",-1.87881552211023,,1.87831555131937,1.22837803740071,-0.0211522220181976,0.0799953265382215,0.0758218693745931,-0.00630416773769087,,,,-0.625018937375559,,,0.649937513918654,,,-1.25379658473467,0,,-3.40955355042993,,,,-0.00366666666666663,0.127017543859646,0.00590058479532156,"Back barrier","Mesotidal","Polyhaline",2.71,5.19,32.5465,"West Coast","NA31",3.46,3,-1,0.3,0.43,19.47,1.63,0.03,,,,0,0.833333333333333,0.166666666666667,,,,
"TJR","Brazo Creek","Up",-5.91406611501411,,5.91206652368643,5.73175829819576,0,-2.91835766774975e-05,0.0300968168526392,-0.00416179406786149,,,,2.65261154771036,,,0.180308225490664,,,-8.56667766272447,0,,0,,,,-0.00366666666666663,0.127017543859646,0.00590058479532156,"Back barrier","Mesotidal","Polyhaline",2.71,5.19,32.5465,"West Coast","NA31",3.46,3,-1,0.3,0.43,19.47,1.63,0.03,,,,0,0.833333333333333,0.166666666666667,,,,
"TJR","Horse Trail","Mid",-0.934559754044969,,0.934559754044971,0.920555239646053,-0.000198202848367694,-0.0266627738871501,-0.0147036149350289,-0.00014741602551327,,,,-0.51993576695639,,,0.014004514398919,,,-0.414623987088579,0,,0.566637188377725,,,,-0.00366666666666663,0.127017543859646,0.00590058479532156,"Back barrier","Mesotidal","Polyhaline",2.71,5.19,32.5446,"West Coast","NA31",3.46,3,-1,0.3,0.43,19.47,1.63,0.03,,,,0,1,0,,,,
"TJR","Model Marsh","Mid",-2.12058186303278,,2.12048662494014,2.12048662494014,-0.0148238722777404,-0.0428615897482382,-0.011099240794792,9.45672058383616e-17,,,,-2.60342205117478,,,0,,,0.482840188142,0,,2.2781568701339,,,,-0.00366666666666663,0.127017543859646,0.00590058479532156,"Back barrier","Mesotidal","Polyhaline",2.71,5.19,32.5458,"West Coast","NA31",3.46,3,-1,0.3,0.43,19.47,1.63,0.03,,6.59,-3.88,0.125,0.875,0,,,,
"TJR","Model Marsh","Low",-4.2722714649268,,4.2722714649268,4.2722714649268,-0.0554895094055177,1.65492610217133e-16,0.0367154023656014,9.92955661302797e-17,,,,-5.54895094055177,,,0,,,1.27667947562497,0,,3.27338111631398,,,,-0.00366666666666663,0.127017543859646,0.00590058479532156,"Back barrier","Mesotidal","Polyhaline",2.71,5.19,32.5458,"West Coast","NA31",3.46,3,-1,0.3,0.43,19.47,1.63,0.03,,6.59,-3.88,0.125,0.875,0,,,,
"WEL","WB","Low",-0.133457792020842,-0.320425325727758,0.133291835585957,-0.127953581906392,-0.000365633700269816,-0.0528687432346032,-0.0193716493662159,0.000179851755298506,,,-0.016046602077619,0,-0.0103267737534857,0,0,0,-1.42091251353055,0.203014135784534,-0.0123000615448654,,,,,0.283872252790701,0.00138596491228074,0.159321637426899,-0.120923976608185,"Back barrier","Mesotidal","Polyhaline",1.57,2.52,43.3233048333333,"Northeast","NA10",,3,-4,2.77,2.16,39.44,2.9,0.66,,4.4468,-2.8768,0.2,0.6,0.2,58.23,1.39975,3.0375,1.23125
"WEL","WB","Mid",-0.175122646728633,-0.198205724896705,0.174982270348097,0.0328502936064325,0.00518363161368061,-0.0629094669386602,-0.0117530381983237,-4.724123722422e-20,,,-0.00380999706316219,0,-0.0259670412267293,0,0,-0.00962185897761361,-0.514428079961005,0.0268930752312338,0,,,,,0.168099017968394,0.00138596491228074,0.159321637426899,-0.120923976608185,"Back barrier","Mesotidal","Polyhaline",1.57,2.52,43.3233048333333,"Northeast","NA10",,3,-4,2.77,2.16,39.44,2.9,0.66,,4.4468,-2.8768,0.2,0.6,0.2,58.23,1.39975,53.6958333333333,1.34958333333333
"WEL","WB","Up",0.191217025791302,-0.0585907675245118,-0.191090163429715,-1.00442276796523,-0.00577376913508354,0.0986224444597991,0.0204955848431435,-0.00377935211621893,,,0,0,0.427127168415655,0.00740024743008008,0.0510357897341111,-0.134401988605576,-0.870164194051562,0.249807793315813,0.32776939895567,,,,,0,0.00138596491228074,0.159321637426899,-0.120923976608185,"Back barrier","Mesotidal","Polyhaline",1.57,2.52,43.3233048333333,"Northeast","NA10",,3,-4,2.77,2.16,39.44,2.9,0.66,,4.4468,-2.8768,0.2,0.6,0.2,58.23,1.39975,127.025,1.71875
"WQB","Section 2","Low",-0.756881049177796,-0.237689007034377,0.756962091704132,0.489841060033447,0.00326860619290397,-0.00787818832984016,-0.00898660781312708,-5.40275446964001e-18,0.310532633836147,,-0.473884512962421,,0,0,0,0,-0.00407444304447154,-0.0453075291809985,0,,,,,0.267121031670685,0.00233333333333326,0.153684210526316,-0.258771929824554,"Back barrier","Microtidal","Polyhaline",3.59,5.1,41.554168,"Northeast","NA25",1.06,3,-6,2.94,0.38,48.7,1.37,0.7,,3.35,0.24,0.51063829787234,0.425531914893617,0.0638297872340425,73.7659574468085,0.16204347826087,52.0833333333333,0.0570833333333333
"WQB","Section 2","Mid",0.598672974344975,0.503797054437062,-0.59836746165124,-0.645650306991065,0.018922736737572,-0.0202378262690921,-0.0306685344836482,-0.000302475003624867,1.36498460920053,,0.352322237999084,,-8.13832131867178e-05,0,0.0238863881712549,0,-0.783639498935959,-0.257446318091171,-0.000162615503641406,,,,,0.023640455885399,0.00233333333333326,0.153684210526316,-0.258771929824554,"Back barrier","Microtidal","Polyhaline",3.59,5.1,41.554168,"Northeast","NA25",1.06,3,-6,2.94,0.38,48.7,1.37,0.7,,3.35,0.24,0.51063829787234,0.425531914893617,0.0638297872340425,73.7659574468085,0.16204347826087,89,0.2465
"WQB","Section 2","Up",2.19311086145506,0.445122178503997,-2.19266813240639,-1.91014754826065,-0.0174779450708852,-0.0225286116318359,-0.0552526468106521,-1.23551887036466e-17,0,,0.578313109397945,,-0.282520584145744,0,0,-0.0609888016862868,-1.38015912260905,1.16967557355312,0,,,,,0,0.00233333333333326,0.153684210526316,-0.258771929824554,"Back barrier","Microtidal","Polyhaline",3.59,5.1,41.554168,"Northeast","NA25",1.06,3,-6,2.94,0.38,48.7,1.37,0.7,,3.35,0.24,0.51063829787234,0.425531914893617,0.0638297872340425,73.7659574468085,0.16204347826087,145.666666666667,0.577
"WQB","Section 1","Mid",2.24422666239585,0.842032617274108,-2.24397981046692,-2.03638061445044,0.0115181064830395,0.123246376437253,-0.0253582402897294,0,0.517476024156257,,0.949416342385622,,0,0,0,0,-0.551593960270111,0.45277770273612,0,,,,,-0.207599196016475,0.00233333333333326,0.153684210526316,-0.258771929824554,"Back barrier","Microtidal","Polyhaline",3.59,5.1,41.552199,"Northeast","NA25",1.06,3,-6,2.94,0.38,48.7,1.37,0.7,,2.39,1.2,0.815789473684211,0.105263157894737,0.0789473684210526,59.7894736842105,0.0608167894736842,107.5,0.2806949375
"WQB","Section 1","Low",-0.0189359542752103,0.325173831126994,0.0191134207712565,-0.799832902388655,0.0108419427896071,0.104609525476295,0.0213658185975715,-3.51101376873128e-17,-0.886874085294721,,0.149869672147675,,0,0,0,0,-0.051660523913775,-0.493979457549879,0,,,,,0.818946323159912,0.00233333333333326,0.153684210526316,-0.258771929824554,"Back barrier","Microtidal","Polyhaline",3.59,5.1,41.552199,"Northeast","NA25",1.06,3,-6,2.94,0.38,48.7,1.37,0.7,,2.39,1.2,0.815789473684211,0.105263157894737,0.0789473684210526,59.7894736842105,0.0608167894736842,48.0645161290323,-0.03309425
"WQB","Section 3","Mid",0.314685459286582,0.610871106584932,-0.314327034613209,-0.680784168067599,0.0151212788660213,0.0269065786714241,-0.0128330217731322,6.68940854031056e-07,0.517931960992981,,0.0704865903243642,,-0.0168995455477339,0,0,0,-0.207923715928465,-0.366672237622715,-5.61040694289417e-05,,,,,0.383412783071553,0.00233333333333326,0.153684210526316,-0.258771929824554,"Back barrier","Microtidal","Polyhaline",3.59,5.1,41.553776,"Northeast","NA25",1.06,3,-6,2.94,0.38,48.7,1.37,0.7,,2.02,1.57,0.282051282051282,0.58974358974359,0.128205128205128,56.7692307692308,0.13505352991453,53.1739130434783,0.129814423913043
"WQB","Section 3","Up",-1.6765226652233,0.207064043761889,1.67693193339106,2.02120213820316,0.0243940191335719,-0.110703433929732,-0.0267736004171006,0.00987927713619635,0,,-0.506014916387566,,0.211436677426235,-0.389547820907539,-0.0622611039909731,0.04008925855636,-0.509290971197466,-1.37757179259762,-0.103897957339824,,,,,0,0.00233333333333326,0.153684210526316,-0.258771929824554,"Back barrier","Microtidal","Polyhaline",3.59,5.1,41.553776,"Northeast","NA25",1.06,3,-6,2.94,0.38,48.7,1.37,0.7,,2.02,1.57,0.282051282051282,0.58974358974359,0.128205128205128,56.7692307692308,0.13505352991453,94.6,0.37345585
"WQB","Section 3","Low",-0.456775013708319,-0.208197109921475,0.456951035859881,-0.288230131584591,0.00983944167922681,0.015020915701977,0.0116876723119012,-2.88317614419694e-17,-0.49806134688354,,0.0167376304272627,,0,0,0,0,-0.00810541174264485,-0.265315534214107,0,,,,,0.745181167444473,0.00233333333333326,0.153684210526316,-0.258771929824554,"Back barrier","Microtidal","Polyhaline",3.59,5.1,41.553776,"Northeast","NA25",1.06,3,-6,2.94,0.38,48.7,1.37,0.7,,2.02,1.57,0.282051282051282,0.58974358974359,0.128205128205128,56.7692307692308,0.13505352991453,47.0909090909091,0.0376433333333334
"WQB","Section 1","Up",-0.469440858581528,-2.263484542634,0.469305612767499,-3.1108640973012,-0.0514916892700462,-0.0189579057367448,0.0236851535246867,-0.0455238784504781,0,,3.76084249359787,,0.22465871126547,1.96401577286129,1.42784178617242,0,-1.33940845810406,-1.9667988095454,-0.0363465602304844,,,,,0,0.00233333333333326,0.153684210526316,-0.258771929824554,"Back barrier","Microtidal","Polyhaline",3.59,5.1,41.552199,"Northeast","NA25",1.06,3,-6,2.94,0.38,48.7,1.37,0.7,,2.39,1.2,0.815789473684211,0.105263157894737,0.0789473684210526,59.7894736842105,0.0608167894736842,117.333333333333,0.73806
