Reserve,SiteID,Vegetation_Zone,Total.unvegetated_slope,Bare_slope,Total.live.veg_slope,H.Halophyte_slope,EIR_slope,Richness_slope,SWdiv_slope,Salt_to_Total_slope,Spartina.alterniflora_slope,Juncus.roemerianus_slope,Wrack_slope,Other.Unvegetated_slope,B.Brackish_slope,F.Freshwater_slope,U.Upland_slope,Invasive_Cover_slope,Spartina.patens_slope,Dead_slope,Other.live.vegetation_slope,Water_slope,Salicornia.pacifica_slope,Rock_slope,Wood_slope,A.Algae_slope,tide_range_slope,temp_avg_slope,precip_sum_slope,Geomorphology,Tidal_Range,Salinity_category,SLR_since_1970,SLR_last19yrs,Latitude,NERR_Region,Region,NERRS_MARS,NERRs_Landscape_resiliency_condition_sum_quantile,NERRs_Landscape_resiliency_vulnerability_sum_quantile,NERRs_Landscape_UnvegVegEdge_ratio,NERRs_Landscape_Core_edge_ratio,NERRs_Landscape_%_Natural,NERRs_Landscape_tidal_range,NERRs_Landscape_Pct_MUC_below_MHHW,Criteria_for_site_not_met,SET_change,SET_minus_SLR_1970,SET_minus_SLR_19yrs,proportion_low,proportion_midToHigh,proportion_uplandOrFresh,siteAvg_distance_to_water,siteAvg_orthometric_height,zoneAvg_distance_to_water,zoneAvg_orthometric_height
ACE,EIN,Mid,-0.93047191,-0.93047191,0.930573992,0.930573992,0.009304924,0.012364314,0.003808824,-2.45E-17,1.300473348,-0.369899357,,,,,,,,,,,,,,,0.002333333,0.082982456,0.368947368,Riverine,Microtidal,Polyhaline,4.06,10.79,32.505441,Southeast,NA25,2.48,3,-14,1.66,2.14,93.74,2.02,0.73,,10.47,6.41,-0.32,0.25,0.75,0,50.125,0.645190476,63.27777778,0.606933333
ACE,EIN,Low,-0.771110626,-0.771110626,0.771249225,0.771249225,0.010444593,-0.049802828,-0.017720056,-3.77E-17,1.044473147,0,,,,,,,,,,,,,,,0.002333333,0.082982456,0.368947368,Riverine,Microtidal,Polyhaline,4.06,10.79,32.505441,Southeast,NA25,2.48,3,-14,1.66,2.14,93.74,2.02,0.73,,10.47,6.41,-0.32,0.25,0.75,0,50.125,0.645190476,10.66666667,0.740833333
ACE,EIS,Mid,-2.895524171,-2.895524171,2.895554035,2.895554035,0.028955331,0.061502024,0.007392302,-2.07E-17,2.365262448,0,,,,,,,,,,,,,,,0.002333333,0.082982456,0.368947368,Riverine,Microtidal,Polyhaline,4.06,10.79,32.500047,Southeast,NA25,2.48,3,-14,1.66,2.41,93.74,2.02,0.73,,6.93,2.87,-3.86,0.047619048,0.952380952,0,35.14285714,0.831894737,36.85,0.839
ACE,EIS,Low,-0.758716681,-0.758716681,0.758716681,0.758716681,0.007490375,-0.174804495,-0.038476428,0,0.749037455,0,,,,,,,,,,,,,,,0.002333333,0.082982456,0.368947368,Riverine,Microtidal,Polyhaline,4.06,10.79,32.500047,Southeast,NA25,2.48,3,-14,1.66,2.41,93.74,2.02,0.73,,6.93,2.87,-3.86,0.047619048,0.952380952,0,35.14285714,0.831894737,1,0.704
APA,PC,Low,6.320885944,,-6.320944702,-2.574714076,0.059555584,-0.184088824,-0.042356815,0.022950702,-0.877792058,-1.014632636,0.365292552,5.955593392,-2.055001103,-1.693812601,0.002583077,0,-1.83303218,,,,,,,,-0.000298246,0.062631579,0.036842105,Bay Front,Microtidal,Polyhaline,2.91,9.11,29.59641,Gulf Coast,NA25,,9,-3,0.96,1.02,87.15,0.53,0.26,,5.02,2.11,-4.09,0.428571429,0.535714286,0.035714286,,,,
APA,PC,Mid,1.50994296,,-1.509788323,0.344986768,0.001854594,-0.052977695,0.018802562,0.000989715,0.210225058,-0.259707837,0,1.50994296,-1.780211594,-0.064762766,-0.009800731,0,-1.821992836,,,,,,,,-0.000298246,0.062631579,0.036842105,Bay Front,Microtidal,Polyhaline,2.91,9.11,29.59641,Gulf Coast,NA25,,9,-3,0.96,1.02,87.15,0.53,0.26,,5.02,2.11,-4.09,0.428571429,0.535714286,0.035714286,,,,
APA,PC,Up,-1.777452631,,1.779923916,-7.690684151,-0.000106111,-0.062737337,-0.002651807,0,0,9.470608067,0,-1.777452631,9.470608067,0,0,0,0,,,,,,,,-0.000298246,0.062631579,0.036842105,Bay Front,Microtidal,Polyhaline,2.91,9.11,29.59641,Gulf Coast,NA25,,9,-3,0.96,1.02,87.15,0.53,0.26,,5.02,2.11,-4.09,0.428571429,0.535714286,0.035714286,,,,
CBM,MB,Low,-2.088086721,-0.600825428,2.088076003,1.634521621,-0.006007671,0.089454804,0.023997817,-0.000250331,1.081396307,0.154358835,,-2.063726683,0.4413858,,,0.086028612,-0.028895467,0.57646539,0.012168582,,,,,,-0.000185759,0.002432749,0.007245614,Bay Front,Microtidal,Mesohaline,5.01,5.93,38.231501,Mid-Atlantic,NA25,1.79,7,-2,1.51,2.03,66.7,0.74,0.19,,3.39,-1.62,-2.54,0.72972973,0.27027027,0,52.16216216,,52.22222222,
CBM,MB,Mid,-1.31125555,2.004667191,1.311266055,0.564601087,0.029316906,-0.037356578,-0.01135095,-1.50E-05,0.92702821,0.394555946,,-2.142522214,0.746113051,,,0.191766189,-0.454937065,-1.173400527,0.000551918,,,,,,-0.000185759,0.002432749,0.007245614,Bay Front,Microtidal,Mesohaline,5.01,5.93,38.231501,Mid-Atlantic,NA25,1.79,7,-2,1.51,2.03,66.7,0.74,0.19,,3.39,-1.62,-2.54,0.72972973,0.27027027,0,52.16216216,,52,
CBM,OPC,Low,-3.345504262,-0.840305612,3.345656965,,0.01262293,0.055115122,0.011484059,0.001489815,,,,-0.836968724,0.109206347,3.148300846,0.030483012,1.262317157,,0.832609621,0.05766676,-2.500839548,,,,,-0.000185759,0.002432749,0.007245614,Riverine,Microtidal,Oligohaline,5.01,5.93,39.439123,Mid-Atlantic,NA25,1.79,7,-10,1.13,0.52,83.55,0.55,0.51,,,,,0.36,0.64,0,29.26666667,,7.222222222,
CBM,OPC,Mid,-2.431849188,-0.104863579,2.431403265,,0.005721914,0.079685638,0.014803004,0.001567009,,,,-2.900086978,0.092717314,2.29407434,-0.00540619,0.210051134,,1.193251083,0.0500178,-0.620149713,,,,,-0.000185759,0.002432749,0.007245614,Riverine,Microtidal,Oligohaline,5.01,5.93,39.439123,Mid-Atlantic,NA25,1.79,7,-10,1.13,0.52,83.55,0.55,0.51,,,,,0.36,0.64,0,29.26666667,,41.66666667,
DEL,SJR,Up,2.234170533,,-2.234170533,0,0,-0.397060261,-0.134791757,,0,,,2.234170533,0,,-2.234170533,0,0,,,,,,,,0.000473684,-0.144003391,-0.0585,Riverine,Microtidal,Mesohaline,4.3,6.26,39.08299,Mid-Atlantic,NA25,2.93,5,-2,0.99,2.28,42.96,1.77,0.51,,4.75,0.45,-1.51,0.266666667,0.7,0.033333333,,,,
DEL,SJR,Low,2.290942237,,-2.290942237,-2.290942237,0.022909422,-0.055731396,-0.021346658,0,-1.183585867,,,2.290942237,0,,0,0,-0.835579366,,,,,,,,0.000473684,-0.144003391,-0.0585,Riverine,Microtidal,Mesohaline,4.3,6.26,39.08299,Mid-Atlantic,NA25,2.93,5,-2,0.99,2.28,42.96,1.77,0.51,,4.75,0.45,-1.51,0.266666667,0.7,0.033333333,,,,
DEL,SJR,Mid,1.790299254,,-1.790299021,-0.256919469,0.00557695,-0.047330727,-0.018574504,0,0.223834855,,,1.790299254,-1.533379552,,0,-1.805009632,-0.29396448,,,,,,,,0.000473684,-0.144003391,-0.0585,Riverine,Microtidal,Mesohaline,4.3,6.26,39.08299,Mid-Atlantic,NA25,2.93,5,-2,0.99,2.28,42.96,1.77,0.51,,4.75,0.45,-1.51,0.266666667,0.7,0.033333333,,,,
ELK,Upper,Up,9.110414079,9.110414079,-9.111116297,4.152650418,0.026322309,-0.108055221,-0.029974156,0.083196945,,,0,0,,,-13.26376672,,,,,,-1.520770631,,,,-0.003719298,0.108903509,-0.006640351,Riverine,Mesotidal,Polyhaline,1.62,3.65,36.849702,West Coast,NA15,2.46,2,-4,2.31,0.79,41.04,1.61,0.09,,2.29,0.67,-1.36,0.75,0.15,0.1,70.1925,1.66226875,140.3,2.2360125
ELK,Upper,Low,1.070988513,0.942474837,-1.070843972,0,0.009424748,0.019603265,0.018584365,0,,,0.128513677,0,,,-1.070843972,,,,,,-1.615599157,,,,-0.003719298,0.108903509,-0.006640351,Riverine,Mesotidal,Polyhaline,1.62,3.65,36.849702,West Coast,NA15,2.46,2,-4,2.31,0.79,41.04,1.61,0.09,,2.29,0.67,-1.36,0.75,0.15,0.1,70.1925,1.66226875,47.96333333,1.562918333
ELK,Lower,Up,0,0,0.000387121,0,0.023117921,-0.069699633,-0.021654361,0,,,0,0,,,0.000387121,,,,,,2.311830801,,,,-0.003719298,0.108903509,-0.006640351,Riverine,Mesotidal,Polyhaline,1.62,3.65,36.810744,West Coast,NA15,2.46,2,-4,2.31,0.79,41.04,1.61,0.09,,2.05,0.43,-1.6,0.9,0.025,0.075,55.81975,1.55641625,107.7866667,2.202325
ELK,Lower,Low,0.036700302,0.036700302,-0.036700302,0,0.000367003,0,0,0,,,0,0,,,-0.036700302,,,,,,-0.036700302,,,,-0.003719298,0.108903509,-0.006640351,Riverine,Mesotidal,Polyhaline,1.62,3.65,36.810744,West Coast,NA15,2.46,2,-4,2.31,0.79,41.04,1.61,0.09,,2.05,0.43,-1.6,0.9,0.025,0.075,55.81975,1.55641625,51.13833333,1.497666667
ELK,Upper,Mid,0,0,-6.91E-15,0,0,0,0,0,,,0,0,,,-6.91E-15,,,,,,-6.91E-15,,,,-0.003719298,0.108903509,-0.006640351,Riverine,Mesotidal,Polyhaline,1.62,3.65,36.849702,West Coast,NA15,2.46,2,-4,2.31,0.79,41.04,1.61,0.09,,2.29,0.67,-1.36,0.75,0.15,0.1,70.1925,1.66226875,134.6,1.776525
GND,spalt,Low,4.355388946,,-4.355388946,0,0.043553889,0.020267209,0.019932208,0.024152208,-4.149737328,-0.205651618,,4.355388946,-0.205651618,0,-4.149737328,0,0,,0,,,,,,-0.002368421,0.060099415,0.179751462,Bay Front,Microtidal,Polyhaline,4.36,10.98,30.361762,Gulf Coast,NA25,2.3,10,-7,3.34,4.46,65.57,0.46,0.16,,5.74,1.38,-5.24,0.592592593,0.407407407,0,82.62962963,0.173601111,64.5,0.171924375
GND,spalt,Mid,8.941934382,,-8.941934382,0,0.080675347,0.091505691,0.030572954,-0.013569791,-0.874399669,-8.067534712,,8.941934382,-8.067534712,0,-0.874399669,0,0,,0,,,,,,-0.002368421,0.060099415,0.179751462,Bay Front,Microtidal,Polyhaline,4.36,10.98,30.361762,Gulf Coast,NA25,2.3,10,-7,3.34,4.46,65.57,0.46,0.16,,5.74,1.38,-5.24,0.592592593,0.407407407,0,82.62962963,0.173601111,109,0.17604
GND,juro low,Low,6.179287569,,-6.179287569,0,0.061792876,0.081210648,0.056062016,-0.076081094,1.737063338,-7.999350144,,6.179287569,-7.916350907,0,1.737063338,0,0,,0,,,,,,-0.002368421,0.060099415,0.179751462,Bay Front,Microtidal,Mesohaline,4.36,10.98,30.375463,Gulf Coast,NA25,2.3,10,-4,2.28,3.98,98.17,0.46,0.18,,6.88,2.52,-4.1,0.171428571,0.828571429,0,82.57142857,0.202596,113.3333333,0.136778333
GND,juro low,Mid,8.622953488,,-8.622953488,0,0.085105846,0.047372777,0.005175381,-0.00881048,-0.11236888,-8.60059236,,8.622953488,-8.510584608,0,-0.11236888,0,0,,0,,,,,,-0.002368421,0.060099415,0.179751462,Bay Front,Microtidal,Mesohaline,4.36,10.98,30.375463,Gulf Coast,NA25,2.3,10,-4,2.28,3.98,98.17,0.46,0.18,,6.88,2.52,-4.1,0.171428571,0.828571429,0,82.57142857,0.202596,76.20689655,0.216213448
GND,juro high,Mid,7.123014328,,-7.123014328,-0.072642718,0.071531939,0.388122246,0.132748284,-0.014911408,0,-6.013649156,,7.123014328,-7.03624111,0.08884162,-0.106743113,0.034730957,-1.823563567,,0.003770993,,,,,,-0.002368421,0.060099415,0.179751462,Riverine,Microtidal,Mesohaline,4.36,10.98,30.398975,Gulf Coast,NA25,2.3,10,-4,2.28,3.98,98.17,0.46,0.18,,1.12,-3.24,-9.86,0.095238095,0.904761905,0,500,0.45450619,499.7894737,0.444171053
GND,juro high,Low,-0.017194452,,0.017194452,0.432025682,0.001548291,0.354321627,0.102695167,-0.007543682,0,0.172023509,,-0.017194452,-0.637884924,0.187229258,0.035824435,0.035824435,0.526335276,,0,,,,,,-0.002368421,0.060099415,0.179751462,Riverine,Microtidal,Mesohaline,4.36,10.98,30.398975,Gulf Coast,NA25,2.3,10,-4,2.28,3.98,98.17,0.46,0.18,,1.12,-3.24,-9.86,0.095238095,0.904761905,0,500,0.45450619,502,0.55269
GND,juro mid,Mid,5.610763879,,-5.610763879,0.014517054,0.056107639,0.142618454,0.053179401,-0.015598636,0,-5.618942772,,5.610763879,-6.116414436,0.413003724,0.078129779,0.026292747,-0.640156327,,0,,,,,,-0.002368421,0.060099415,0.179751462,Riverine,Microtidal,Mesohaline,4.36,10.98,30.397993,Gulf Coast,NA25,2.3,10,-4,2.28,3.98,98.17,0.46,0.18,,2.99,-1.37,-7.99,0.075,0.85,0.075,458.7,0.37219425,437.5588235,0.342411765
GND,juro mid,Low,0.028185783,,-0.028185783,1.052374715,-0.010133167,0.304711097,0.035690479,-0.001750253,0,-1.041502459,,0.028185783,-1.15494623,0,0.074385732,0.074385732,0,,0,,,,,,-0.002368421,0.060099415,0.179751462,Riverine,Microtidal,Mesohaline,4.36,10.98,30.397993,Gulf Coast,NA25,2.3,10,-4,2.28,3.98,98.17,0.46,0.18,,2.99,-1.37,-7.99,0.075,0.85,0.075,458.7,0.37219425,556,0.42146
GND,juro mid,Up,7.911550577,,-7.911550577,0.12408527,-0.021580214,0.787008068,0.219560527,-0.01305536,0,0,,7.911550577,-2.282106718,-6.837756032,1.084226904,0.09697095,-2.701033051,,0,,,,,,-0.002368421,0.060099415,0.179751462,Riverine,Microtidal,Mesohaline,4.36,10.98,30.397993,Gulf Coast,NA25,2.3,10,-4,2.28,3.98,98.17,0.46,0.18,,2.99,-1.37,-7.99,0.075,0.85,0.075,458.7,0.37219425,601,0.660463333
GND,clmaj,Up,-1.515456191,,1.515456191,0,0,0.849290399,0.23154136,0.05234495,0,0.375356448,,-1.515456191,2.958279996,-3.288106286,1.845282481,-0.186772408,2.326844143,,0,,,,,,-0.002368421,0.060099415,0.179751462,Riverine,Microtidal,Oligohaline,4.36,10.98,30.409709,Gulf Coast,NA25,2.3,10,-4,2.28,3.98,98.17,0.46,0.18,,2.63,-1.73,-8.35,0,0,1,448.6333333,0.777764,448.6333333,0.777764
GRB,SP,Low,2.119340079,2.260988211,-2.119360558,-3.274921847,0.034138737,0.031736603,0.00910688,-2.69E-05,-3.202950229,,-0.196852162,0,0,0,0,0,0,0.061722162,0.002596641,,,-0.006518133,0,1.152964648,0.001754386,0.102163743,-0.125321637,Bay Front,Mesotidal,Polyhaline,3.38,3.62,43.056383,Northeast,NA10,3.83,5,-6,0.76,0.37,67.84,1.52,0.32,,3.2,-0.18,-0.42,0.133333333,0.733333333,0.133333333,41.03111111,,4.5,
GRB,SP,Mid,-0.656046629,0.352948396,0.656109562,0.605068106,0.0118648,-0.026328168,-0.009026911,-0.00022189,0.887257077,,-0.350371365,0.015483268,0.080392274,-0.04505356,0.064226146,-0.048720572,-0.394891293,-0.646018118,0.005187495,,,-0.028088811,0,-0.053710899,0.001754386,0.102163743,-0.125321637,Bay Front,Mesotidal,Polyhaline,3.38,3.62,43.056383,Northeast,NA10,3.83,5,-6,0.76,0.37,67.84,1.52,0.32,,3.2,-0.18,-0.42,0.133333333,0.733333333,0.133333333,41.03111111,,39.12121212,
GRB,SP,Up,-0.423624489,-0.117438292,0.4238773,0.324104117,0.017176436,-0.036485197,-0.000409723,0.022010257,0,,-0.609074391,0,1.511002016,-1.249591882,-0.506470759,-0.276917247,-0.0187078,0.302888194,0.344833809,,,0,0,0,0.001754386,0.102163743,-0.125321637,Bay Front,Mesotidal,Polyhaline,3.38,3.62,43.056383,Northeast,NA10,3.83,5,-6,0.76,0.37,67.84,1.52,0.32,,3.2,-0.18,-0.42,0.133333333,0.733333333,0.133333333,41.03111111,,88.06666667,
GRB,GBF,Low,0.455430199,-0.398254347,-0.455394069,-0.320956193,-0.00450111,-0.057845382,-0.009905049,0.00114824,-0.326072635,,0.906130063,0,0,-0.035490495,-0.065170151,0,-0.096446252,-0.052445517,0.018064988,,,0,0,-0.05184222,0.001754386,0.102163743,-0.125321637,Riverine,Mesotidal,Polyhaline,3.38,3.62,43.061085,Northeast,NA10,3.83,5,-6,0.76,0.37,67.84,1.52,0.32,,2.87,-0.51,-0.75,0.175,0.675,0.15,21.9225,,1.785714286,
GRB,GBF,Mid,0.062654531,0.281996638,-0.062579773,0.166933565,0.013266186,-0.056078438,-0.017992081,0.000370856,1.119989586,,-0.045822424,0,-0.066709041,-0.071710725,-0.016152791,-0.002896451,-0.610973463,-0.173519683,0.000402856,,,0,0,-0.075343638,0.001754386,0.102163743,-0.125321637,Riverine,Mesotidal,Polyhaline,3.38,3.62,43.061085,Northeast,NA10,3.83,5,-6,0.76,0.37,67.84,1.52,0.32,,2.87,-0.51,-0.75,0.175,0.675,0.15,21.9225,,20.37777778,
GRB,GBF,Up,-0.086139453,-0.003748008,0.086302164,0.04014776,0.000840027,-0.010979596,-0.009688591,0.000899012,0,,-0.232595452,0,0.047659734,-1.015341671,1.075584355,-0.002563272,0.034092306,0.197817615,-0.061748014,,,-0.047613609,0,0,0.001754386,0.102163743,-0.125321637,Riverine,Mesotidal,Polyhaline,3.38,3.62,43.061085,Northeast,NA10,3.83,5,-6,0.76,0.37,67.84,1.52,0.32,,2.87,-0.51,-0.75,0.175,0.675,0.15,21.9225,,52.36666667,
GRB,BC,Low,0.559262354,0.812860076,-0.559227558,-0.615425546,0.008690457,0.041467339,0.006436408,-2.30E-17,-0.433608957,,-0.145410769,0,0,0,0,0,0.003411656,-0.108186953,0,,,0,0,0.056197988,0.001754386,0.102163743,-0.125321637,Riverine,Mesotidal,Polyhaline,3.38,3.62,43.135955,Northeast,NA10,3.83,5,-4,0.48,0.23,68.1,1.45,0.35,,,,,0.333333333,0.466666667,0.2,33.19,,24.34,
GRB,BC,Mid,1.173411466,1.12969054,-1.17342204,-0.746551031,0.016051872,-0.08448238,-0.021050302,0.000449547,0.475524546,,-0.230815922,0,-0.389980711,-0.030484325,-0.002263728,0,-0.92561022,0.274536848,-0.004142245,,,0,0,0,0.001754386,0.102163743,-0.125321637,Riverine,Mesotidal,Polyhaline,3.38,3.62,43.135955,Northeast,NA10,3.83,5,-4,0.48,0.23,68.1,1.45,0.35,,,,,0.333333333,0.466666667,0.2,33.19,,34.22857143,
GRB,BC,Up,1.246162404,0.990873989,-1.246173065,0.431079168,0.01235856,-0.184582388,-0.028578888,0.010886244,0,,-0.292739354,0,-0.18428055,-1.420491916,0.156959003,0.009515742,-0.126596711,0.54802777,-0.227665609,,,0,0,-0.001773161,0.001754386,0.102163743,-0.125321637,Riverine,Mesotidal,Polyhaline,3.38,3.62,43.135955,Northeast,NA10,3.83,5,-4,0.48,0.23,68.1,1.45,0.35,,,,,0.333333333,0.466666667,0.2,33.19,,45.51666667,
GTM,22,Low,-0.554090045,,0.554090045,0.554090045,-0.0055409,0.040415592,0.02826222,3.01E-18,-0.889676953,0,,-0.554090045,0,0,0,0,0,,,,,,,,0.001491228,0.158362573,0.066950292,Riverine,Microtidal,Oligohaline,3.84,8.25,29.821681,Southeast,NA25,,5,-4,2.23,1.12,48.98,1.49,0.68,,7.97,4.13,-0.28,1,0,0,6.4,0.387642857,6.4,0.387642857
GTM,0,Low,0.21270789,,-0.21270789,-0.21270789,0.002127079,-0.030330968,0.004129448,-4.34E-17,-0.406870869,0,,0.21270789,0,0,0,0,0,,,,,,,,0.001491228,0.158362573,0.066950292,Back Barrier,Microtidal,Oligohaline,3.84,8.25,29.978118,Southeast,NA25,,5,-4,2.78,0.73,68.67,1.48,0.89,,-0.58,-4.42,-8.83,1,0,0,6.4,0.321866667,6.4,0.321866667
GTM,40,Low,-1.316911533,,1.316911533,1.316911533,-0.013169115,-0.027111386,-3.64E-05,-1.93E-17,1.317229155,0,,-1.316911533,0,0,0,0,0,,,,,,,,0.001491228,0.158362573,0.066950292,Riverine,Microtidal,Oligohaline,3.84,8.25,30.085513,Southeast,NA25,,7,-2,1.41,0.89,92.19,1.53,0.74,,-0.79,-4.63,-9.04,1,0,0,6.4,0.239733333,6.4,0.239733333
GTM,1,Low,0.635281724,,-0.635324079,-0.635324079,0.0063529,0.111921862,0.055749666,-6.56E-17,0.577873408,0,,0.635281724,0,0,0,0,0,,,,,,,,0.001491228,0.158362573,0.066950292,Riverine,Microtidal,Oligohaline,3.84,8.25,29.628969,Southeast,NA25,,5,-5,1.9,0.55,67.53,0.9,0.49,,1.72,-2.12,-6.53,1,0,0,6.4,0.078211333,6.4,0.078211333
GTM,46,Low,1.355397859,,-1.355389628,-1.850140814,0.013553979,-0.093414716,-0.012372329,-3.74E-17,-0.029267264,0.494751186,,1.355397859,0.494751186,0,0,0,0,,,,,,,,0.001491228,0.158362573,0.066950292,Riverine,Microtidal,Oligohaline,3.84,8.25,29.65862,Southeast,NA25,,9,-1,0.33,0.45,95.18,0.9,0.36,,3.85,0.01,-4.4,0.678571429,0.053571429,0.267857143,50.82142857,0.268571695,42.26315789,0.258117691
JAC,Central Segment,Low,-1.684925041,,1.685031888,1.685031888,-0.016596962,-0.011426775,-0.009134672,0,1.888048228,,-0.02528226,-1.659642781,,,0,0,-0.054014349,,,,,,,,0.001526316,0.024795322,0.015406433,Bay Front,Microtidal,Oligohaline,4.79,5.55,39.537998,Mid-Atlantic,NA25,,5,-4,7.98,2.5,64.92,1.15,0.66,,,,,1,0,0,,0.458275862,,0.458275862
JAC,South Segment,Low,-0.520899664,,0.520953062,0.520953062,-0.003793833,-0.005994859,-0.00715082,-1.95E-18,0.65598299,,-0.14153768,-0.379361984,,,0,0,-0.002415128,,,,,,,,0.001526316,0.024795322,0.015406433,Bay Front,Microtidal,Oligohaline,4.79,5.55,39.521132,Mid-Atlantic,NA25,,5,-4,7.98,2.5,64.92,1.15,0.66,,,,,1,0,0,,0.509764706,,0.509764706
KAC,FR,Mid,-0.904241785,,0.90421665,0.73270588,-0.001356088,0.056393361,0.013229527,-0.001111968,,,,-0.904241785,0.078282623,-0.006877756,0.100105903,,,,,,,,,,0.003517544,-0.016578947,-0.014163743,Bay Front,Macrotidal,Mesohaline,-9.62,-7.87,59.803232,West Coast,NA4,,,,,,,,,,,,,0.20212766,0.765957447,0.031914894,,4.624667586,,4.739003043
KAC,FR,Low,-1.594599513,,1.594742003,1.060322848,0.00456466,0.053093607,0.012873623,-0.001733234,,,,-1.594599513,0.364414361,0.071381896,0.098622898,,,,,,,,,,0.003517544,-0.016578947,-0.014163743,Bay Front,Macrotidal,Mesohaline,-9.62,-7.87,59.803232,West Coast,NA4,,,,,,,,,,,,,0.20212766,0.765957447,0.031914894,,4.624667586,,3.885529333
KAC,FR,Up,-1.821500337,,1.820559517,0.11347672,0,0.385654693,0.04584883,-0.016563562,,,,-1.821500337,0.2658463,2.879710577,-1.43847408,,,,,,,,,,0.003517544,-0.016578947,-0.014163743,Bay Front,Macrotidal,Mesohaline,-9.62,-7.87,59.803232,West Coast,NA4,,,,,,,,,,,,,0.20212766,0.765957447,0.031914894,,4.624667586,,5.690643333
KAC,BS,Low,-1.066625102,,1.066507589,1.115836184,0.002762718,0.103335312,0.03626784,7.29E-07,,,,-1.066625102,-0.049257037,0,-7.16E-05,,,,,,,,,,0.003517544,-0.016578947,-0.014163743,Back Barrier,Macrotidal,Oligohaline,-9.62,-7.87,59.638519,West Coast,NA4,,,,,,,,,,,,,0.931034483,0.034482759,0.034482759,,4.341727414,,4.253810556
KAC,BS,Mid,-0.504295624,,0.505024239,2.097804163,0,0.194497372,0.009683912,-0.039254024,,,,-0.504295624,-5.518499131,4.072595972,-0.146876765,,,,,,,,,,0.003517544,-0.016578947,-0.014163743,Back Barrier,Macrotidal,Oligohaline,-9.62,-7.87,59.638519,West Coast,NA4,,,,,,,,,,,,,0.931034483,0.034482759,0.034482759,,4.341727414,,5.02822
KAC,BS,Up,-0.332086828,,0.331783489,0,0,-0.085761037,-0.003610342,0,,,,-0.332086828,0,1.171122524,-0.839339035,,,,,,,,,,0.003517544,-0.016578947,-0.014163743,Back Barrier,Macrotidal,Oligohaline,-9.62,-7.87,59.638519,West Coast,NA4,,,,,,,,,,,,,0.931034483,0.034482759,0.034482759,,4.341727414,,6.02899
KAC,CP,Mid,-0.054208779,,0.054172293,0.117173282,0.002215266,-0.080096421,-0.007185207,0.000229216,,,,-0.054208779,-0.067110505,-0.011285698,0.015395213,,,,,,,,,,0.003517544,-0.016578947,-0.014163743,Bay Front,Macrotidal,Mesohaline,-9.62,-7.87,59.556792,West Coast,NA4,,,,,,,,,,,,,0.318181818,0.681818182,0,,3.922902785,,4.391746346
KAC,CP,Low,-0.383292538,,0.383344015,0.383344015,0.001347823,-0.022021477,-0.000533919,-4.08E-19,,,,-0.383292538,0,0,0,,,,,,,,,,0.003517544,-0.016578947,-0.014163743,Bay Front,Macrotidal,Mesohaline,-9.62,-7.87,59.556792,West Coast,NA4,,,,,,,,,,,,,0.318181818,0.681818182,0,,3.922902785,,3.019944815
KAC,SC,Low,-0.985514333,,0.985598069,0.983136753,0.011036309,0.041373006,-0.007097426,2.09E-17,,,,-0.985514333,0.002461316,0,0,,,,,,,,,,0.003517544,-0.016578947,-0.014163743,Bay Front,Macrotidal,Mesohaline,-9.62,-7.87,59.460128,West Coast,NA4,,,,,,,,,,,,,0.515151515,0.484848485,0,,3.823659677,,3.243782667
KAC,SC,Mid,-0.161575592,,0.161659625,1.1019089,0.004824498,-0.002976985,-0.006001974,0.004052175,,,,-0.161575592,-0.535040952,0,-0.405208323,,,,,,,,,,0.003517544,-0.016578947,-0.014163743,Bay Front,Macrotidal,Mesohaline,-9.62,-7.87,59.460128,West Coast,NA4,,,,,,,,,,,,,0.515151515,0.484848485,0,,3.823659677,,4.367294375
MAR,MI-W,Low,0.286434759,,-0.286642924,-0.294783385,-0.020220126,-0.108790356,-0.033854645,2.94E-05,-0.604223037,,0.282651942,0.003782817,0.00957293,,0,,,,-0.001432469,,,,,0,-0.000278638,0.059853801,-0.000657895,Bay Front,Microtidal,Polyhaline,7.18,10.66,27.937523,Gulf Coast,NA27,,7,-4,2.72,0.67,86.26,0.2,0.13,,5.49,-1.69,-5.17,1,0,0,10,,10,
MAR,HF1,Low,11.38679476,,-11.37441768,-11.41391341,0.042080172,-0.258376021,-0.068832467,-3.03E-05,0,,-1.288479105,12.67527386,0.006633041,,0,,,,0.001317197,,,,,0.031545489,-0.000278638,0.059853801,-0.000657895,Bay Front,Microtidal,Polyhaline,7.18,10.66,28.305117,Gulf Coast,NA27,,8,-6,1.5,1.83,82.92,0.12,0.12,,6.19,-0.99,-4.47,1,0,0,10,,10,
MAR,HF2,Low,9.843372854,,-9.843372854,-9.997399664,0.041895249,-0.249999945,-0.084494733,4.27E-05,0,,-0.659808026,10.50318088,0.001965887,,0,,,,0.001288704,,,,,0.15077222,-0.000278638,0.059853801,-0.000657895,Bay Front,Microtidal,Polyhaline,7.18,10.66,28.304803,Gulf Coast,NA27,,8,-6,1.5,1.83,82.92,0.12,0.12,,-2.18,-9.36,-12.84,1,0,0,20,,20,
MAR,HF3,Low,8.929946149,,-8.929946149,-9.012896781,0.052853888,-0.201462911,-0.054465144,-0.000514396,0.002455188,,-0.272406369,9.202352518,-0.00062694,,0,,,,0.007934537,,,,,0.075643035,-0.000278638,0.059853801,-0.000657895,Bay Front,Microtidal,Polyhaline,7.18,10.66,28.304229,Gulf Coast,NA27,,8,-6,1.5,1.83,82.92,0.12,0.12,,-2.02,-9.2,-12.68,1,0,0,10,,10,
NAR,Nag,Low,3.213664728,3.202719935,-3.213598535,-3.213598535,0.032026386,-0.033642081,-0.011925108,0,-2.27760696,,0.010944794,0,0,,0,0,-0.71526965,,,,,0,,,0.001614035,0.091052632,-0.241403509,Bay Front,Microtidal,Polyhaline,3.35,4.38,41.62639,Northeast,NA10,1.12,3,-6,1.82,0.2,74.79,1.31,0.5,,2.1,-1.25,-2.28,0.208333333,0.666666667,0.125,45.31529167,0.616475188,26.1572,0.532568667
NAR,Nag,Mid,1.094593549,1.072669444,-1.094579883,-1.093668431,0.013729373,-0.015362815,-0.016347856,9.44E-06,1.372981878,,0.021924105,0,0,,-0.000911452,0,-1.849692409,,,,,0,,,0.001614035,0.091052632,-0.241403509,Bay Front,Microtidal,Polyhaline,3.35,4.38,41.62639,Northeast,NA10,1.12,3,-6,1.82,0.2,74.79,1.31,0.5,,2.1,-1.25,-2.28,0.208333333,0.666666667,0.125,45.31529167,0.616475188,43.281375,0.618164115
NAR,Nag,Up,0.88924159,0.590205998,-0.89021172,-0.270121566,0.007204851,-0.068834847,-0.009508264,0.000548137,0.470613682,,0.299035592,0,-0.564171884,,-0.05591827,0,0.923610101,,,,,0,,,0.001614035,0.091052632,-0.241403509,Bay Front,Microtidal,Polyhaline,3.35,4.38,41.62639,Northeast,NA10,1.12,3,-6,1.82,0.2,74.79,1.31,0.5,,2.1,-1.25,-2.28,0.208333333,0.666666667,0.125,45.31529167,0.616475188,88.093,0.747311778
NAR,Coggeshall,Mid,2.193929334,2.190757296,-2.194060486,-2.194060486,0.007942549,-0.056341987,-0.037445628,0,0.794218075,,0.003172038,0,0,,0,0,-2.202994731,,,,,0,,,0.001614035,0.091052632,-0.241403509,Bay Front,Microtidal,Polyhaline,3.35,4.38,41.65078,Northeast,NA10,1.12,3,-6,1.82,0.2,74.79,1.31,0.5,,1.08,-2.27,-3.3,0.333333333,0.523809524,0.142857143,56.37180952,0.60363281,46.10027273,0.593013364
NAR,Coggeshall,Low,1.769362788,1.764878063,-1.769387227,-1.769387227,0.017648765,-0.056210746,-0.011928402,0,-1.453181272,,0.004484725,0,0,,0,0,-0.104276943,,,,,0,,,0.001614035,0.091052632,-0.241403509,Bay Front,Microtidal,Polyhaline,3.35,4.38,41.65078,Northeast,NA10,1.12,3,-6,1.82,0.2,74.79,1.31,0.5,,1.08,-2.27,-3.3,0.333333333,0.523809524,0.142857143,56.37180952,0.60363281,51.326,0.5164735
NAR,Coggeshall,Up,1.565059236,1.443961572,-1.564855561,-2.095807878,-0.007548985,0.024088048,-0.00012041,0,-0.003331772,,0.38453602,0,0.530952318,,0,0.530952318,0.195328903,,,,,-0.263438357,,,0.001614035,0.091052632,-0.241403509,Bay Front,Microtidal,Polyhaline,3.35,4.38,41.65078,Northeast,NA10,1.12,3,-6,1.82,0.2,74.79,1.31,0.5,,1.08,-2.27,-3.3,0.333333333,0.523809524,0.142857143,56.37180952,0.60363281,105.8076667,0.8459425
NIW,Segment A,Mid,-0.164443146,,0.153603796,0.492525185,0,-0.009254755,-0.003708121,0.000966729,0.210462249,-0.73758826,0.229408612,-0.393851758,-0.329075893,0.019232497,-0.029077993,,-0.27441147,,0,,,,,,0.001816305,0.082818713,0.061491228,Riverine,Microtidal,Polyhaline,3.03,8.56,33.34537724,Southeast,NA25,,9,-5,2.85,1.88,87.42,1.58,0.95,,1.02,-2.01,-7.54,0.52,0.4,0.08,127.5614604,0.525556,189,0.85284
NIW,Segment A,Low,-1.70873286,,1.70873286,1.70873286,-0.013225924,0.007818447,0.000633786,-1.08E-17,1.592763064,0,-0.480071655,-1.228661205,0,0,0,,0,,0,,,,,,0.001816305,0.082818713,0.061491228,Riverine,Microtidal,Polyhaline,3.03,8.56,33.34537724,Southeast,NA25,,9,-5,2.85,1.88,87.42,1.58,0.95,,1.02,-2.01,-7.54,0.52,0.4,0.08,127.5614604,0.525556,61.92307692,0.194326923
NIW,Segment A,Up,3.021162774,,-3.589443844,-2.393994907,-0.039193439,-0.208758427,-0.013303095,-0.004330902,0,-3.68053339,3.369251372,-0.348088598,-1.52519112,0.398543866,-0.062744122,,1.834309361,,-0.006057562,,,,,,0.001816305,0.082818713,0.061491228,Riverine,Microtidal,Polyhaline,3.03,8.56,33.34537724,Southeast,NA25,,9,-5,2.85,1.88,87.42,1.58,0.95,,1.02,-2.01,-7.54,0.52,0.4,0.08,127.5614604,0.525556,247.0182551,1.042125
NIW,Segment B,Mid,0.985133915,,-1.100601194,0.33570843,0.002585321,-0.066440018,-0.012774687,0.007817883,1.164920455,-0.604522102,2.181043511,-1.195909595,-0.953393305,-0.379574403,-0.103341917,,0.400223919,,0,,,,,,0.001816305,0.082818713,0.061491228,Riverine,Microtidal,Polyhaline,3.03,8.56,33.34067163,Southeast,NA25,,9,-5,2.85,1.88,87.42,1.58,0.95,,0.71,-2.32,-7.85,0.769230769,0.230769231,0,44.27326926,0.387355769,77.85083348,0.858666667
NIW,Segment B,Low,-1.137986246,,1.137996872,1.03695448,-0.010608746,-0.004220946,-0.000104228,3.99E-05,1.03695448,0,-0.07712006,-1.060866186,0.102450455,0,-0.001408063,,0,,0,,,,,,0.001816305,0.082818713,0.061491228,Riverine,Microtidal,Polyhaline,3.03,8.56,33.34067163,Southeast,NA25,,9,-5,2.85,1.88,87.42,1.58,0.95,,0.71,-2.32,-7.85,0.769230769,0.230769231,0,44.27326926,0.387355769,34.2,0.2459625
NOC,MI,Low,-0.642256402,,0.642247638,0.642247638,-0.007119953,-0.019187653,4.70E-05,-7.18E-18,0.836409551,,-0.313851528,-0.328404874,,,,,-0.050902085,,,,,,,,0.000929825,0.101608187,0.084619883,Back Barrier,Microtidal,Polyhaline,4.22,9,34.165934,Southeast,NA25,1.13,3,-8,4.56,0.88,54.91,1.37,0.92,,4.46,0.24,-4.54,0.858695652,0.141304348,0,30.29347826,-0.035755556,24.3164557,-0.121274359
NOC,MI,Mid,-2.0709709,,2.070742985,2.070742985,0,0.056743443,0.030078504,-3.04E-18,2.538123812,,-0.538937594,-1.532033306,,,,,-0.72814895,,,,,,,,0.000929825,0.101608187,0.084619883,Back Barrier,Microtidal,Polyhaline,4.22,9,34.165934,Southeast,NA25,1.13,3,-8,4.56,0.88,54.91,1.37,0.92,,4.46,0.24,-4.54,0.858695652,0.141304348,0,30.29347826,-0.035755556,66.61538462,0.520116667
NOC,MM,Low,4.766222166,,-4.766099388,-4.863344365,0.036977214,0.002577338,0.001299333,-2.27E-17,-4.870649302,,0.188175425,4.57804674,,,,,0,,,,,,,0.097244978,0.000929825,0.03325731,0.036476901,Back Barrier,Microtidal,Polyhaline,4.22,9,34.690962,Southeast,NA25,1.13,3,-8,6.83,0.49,48.66,1,0.84,,8.2,3.98,-0.8,1,0,0,18.10526316,-0.110606712,18.10526316,-0.110606712
SOS,DM,Mid,0,0,-0.000720818,0.509299469,0.002382331,0.004122765,0.015189316,-0.001002498,,,,0,-0.597923537,0.09755155,0,0,,,0.002706517,,,,0,-0.012354817,-0.002849123,0.114298246,-0.047690058,Riverine,Mesotidal,Mesohaline,0.97,1.41,43.283017,West Coast,NA15,1.95,6,-7,3.75,0.05,84.74,2.29,0.73,,1.97,1,0.56,0.35,0.65,0,16.7,2.018038339,18.78947368,2.076383863
SOS,DM,Low,0,0,-0.000352646,1.617895714,0,0.012366712,-0.001110661,0,,,,0,-1.61824836,0,0,0,,,0,,,,0,0,-0.002849123,0.114298246,-0.047690058,Riverine,Mesotidal,Mesohaline,0.97,1.41,43.283017,West Coast,NA15,1.95,6,-7,3.75,0.05,84.74,2.29,0.73,,1.97,1,0.56,0.35,0.65,0,16.7,2.018038339,11.7375,1.872174531
SOS,MM,Low,0.1746027,0.1746027,-0.174329045,-0.028510264,0.001746027,-0.090171079,0.002033348,-5.50E-17,,,,0,-0.145818782,0,0,0,,,0,,,,0,0,-0.002849123,0.114298246,-0.047690058,Bay Front,Mesotidal,Polyhaline,0.97,1.41,43.335179,West Coast,NA15,1.95,6,-7,3.75,0.05,84.74,2.29,0.73,,2.03,1.06,0.62,0.5,0.5,0,21.2,2.094864563,9.25,1.9967391
SOS,MM,Mid,-0.474777719,0,0.47505421,-0.130974666,0.000746351,0.171826209,0.02822344,3.41E-06,,,,0,0.606370033,0,0,0,,,-0.000341156,,,,-0.474777719,0,-0.002849123,0.114298246,-0.047690058,Bay Front,Mesotidal,Polyhaline,0.97,1.41,43.335179,West Coast,NA15,1.95,6,-7,3.75,0.05,84.74,2.29,0.73,,2.03,1.06,0.62,0.5,0.5,0,21.2,2.094864563,33.15,2.192990025
SOS,HC,Mid,0,0,-0.000369336,0.534252441,-0.002306276,0.062198982,0.02898607,-0.002140419,,,,0,-0.748666717,0.21404494,0,0.000306816,,,0,,,,0,0,-0.002849123,0.114298246,-0.047690058,Riverine,Mesotidal,Mesohaline,0.97,1.41,43.292522,West Coast,NA15,1.95,6,-7,3.75,0.05,84.74,2.29,0.73,,2.32,1.35,0.91,0.268292683,0.731707317,0,73.7804878,2.165239372,84.73333333,2.20856405
SOS,HC,Low,0.047347529,0.047347529,-0.048211085,2.983506509,0.000473475,-0.165070587,0.015767551,0,,,,0,-3.031717593,0,0,0,,,0,,,,0,0,-0.002849123,0.114298246,-0.047690058,Riverine,Mesotidal,Mesohaline,0.97,1.41,43.292522,West Coast,NA15,1.95,6,-7,3.75,0.05,84.74,2.29,0.73,,2.32,1.35,0.91,0.268292683,0.731707317,0,73.7804878,2.165239372,43.90909091,2.047081159
SOS,VM,Mid,0.035660289,0.05985523,-0.036273797,-0.010479676,0.0028824,0.008057535,0.019303827,-0.000107069,,,,0,-0.044399063,0.0076629,0,0,,,0.003055543,,,,-0.024194941,0.007886499,-0.002849123,0.114298246,-0.047690058,Riverine,Mesotidal,Polyhaline,0.97,1.41,43.310851,West Coast,NA15,1.95,6,-7,3.75,0.05,84.74,2.29,0.73,,2.96,1.99,1.55,0.6,0.4,0,5.45,2.120377613,6.625,2.291296906
SOS,VM,Low,0.856998234,0.856998234,-0.857172267,-0.424026851,0.008569932,0.029826312,0.029710244,5.31E-17,,,,0,-0.626591731,0,0,0,,,0,,,,0,0.193446315,-0.002849123,0.114298246,-0.047690058,Riverine,Mesotidal,Polyhaline,0.97,1.41,43.310851,West Coast,NA15,1.95,6,-7,3.75,0.05,84.74,2.29,0.73,,2.96,1.99,1.55,0.6,0.4,0,5.45,2.120377613,4.666666667,2.006431417
SOS,VI,Low,0.027782714,0.027782714,-0.028165617,1.053167303,0.000277827,0.018164858,0.024984777,-2.25E-05,,,,0,-1.083582145,0,0,0,,,0.002249224,,,,0,0,-0.002849123,0.114298246,-0.047690058,Riverine,Mesotidal,Polyhaline,0.97,1.41,43.309601,West Coast,NA15,1.95,6,-7,3.75,0.05,84.74,2.29,0.73,,1.49,0.52,0.08,0.9,0.1,0,15.325,2.0016667,14.52777778,2.000559389
SOS,VI,Mid,0,0,0.001358324,0.753033407,0,-0.221317652,-0.01235329,0,,,,0,-0.751675083,0,0,0,,,0,,,,0,0,-0.002849123,0.114298246,-0.047690058,Riverine,Mesotidal,Polyhaline,0.97,1.41,43.309601,West Coast,NA15,1.95,6,-7,3.75,0.05,84.74,2.29,0.73,,1.49,0.52,0.08,0.9,0.1,0,15.325,2.0016667,22.5,2.0116325
SOS,MI,Low,0.390630019,0.390630019,-0.391100269,2.194624832,0.003906437,0.14436434,0.025357064,-2.68E-05,,,,0,-2.62839501,0,0,0,,,0.002677043,,,,0,0.039992867,-0.002849123,0.114298246,-0.047690058,Bay Front,Mesotidal,Polyhaline,0.97,1.41,43.335221,West Coast,NA15,1.95,6,-7,3.75,0.05,84.74,2.29,0.73,,1.82,0.85,0.41,1,0,0,0,1.999508905,0,1.999508905
TJR,McCoy North,Mid,0.186112409,,-0.185960955,-0.185203982,0,-0.012116515,-0.018182073,0.000108139,,,,-0.808041234,,,0,,,0.994153644,-0.000756973,,-0.256105287,,,,-0.003666667,0.127017544,0.005900585,Back Barrier,Mesotidal,Polyhaline,2.71,5.19,32.570532,West Coast,NA31,3.46,5,-3,0.8,0.68,64.19,1.63,0.24,,,,,0,0.8,0.2,50.2,2.085,57.5,1.9959
TJR,McCoy North,Up,-2.547491198,,2.547491198,2.710353475,0,0.175764845,0.008834735,0.208852551,,,,1.211594898,,,-0.162862277,,,-3.759086096,0,,0,,,,-0.003666667,0.127017544,0.005900585,Back Barrier,Mesotidal,Polyhaline,2.71,5.19,32.570532,West Coast,NA31,3.46,5,-3,0.8,0.68,64.19,1.63,0.24,,,,,0,0.8,0.2,50.2,2.085,21,2.4414
TJR,McCoy South,Up,2.563044164,,-2.56304417,-0.424219282,0,-0.146135215,-0.025765958,0.002562241,,,,-2.172575047,,,-1.594102982,,,4.735619211,-0.544721906,,0,,,,-0.003666667,0.127017544,0.005900585,Back Barrier,Mesotidal,Polyhaline,2.71,5.19,32.567451,West Coast,NA31,3.46,5,-3,0.8,0.68,64.19,1.63,0.24,,,,,0.25,0.375,0.375,51.33333333,2.0725125,58.33333333,2.6485
TJR,McCoy South,Mid,0.830960188,,-0.830939981,-0.654210875,-0.003457985,-0.101687783,-0.025287412,-0.008091851,,,,-0.407915447,,,0.102819436,,,1.238875635,-0.279548542,,-1.102492991,,,,-0.003666667,0.127017544,0.005900585,Back Barrier,Mesotidal,Polyhaline,2.71,5.19,32.567451,West Coast,NA31,3.46,5,-3,0.8,0.68,64.19,1.63,0.24,,,,,0.25,0.375,0.375,51.33333333,2.0725125,50.88888889,1.977955556
TJR,McCoy South,Low,1.269321944,,-1.269220932,-1.269220932,0.010029686,-0.022220807,0.001949788,0,,,,1.00301406,,,0,,,0.266307884,0,,-0.323905919,,,,-0.003666667,0.127017544,0.005900585,Back Barrier,Mesotidal,Polyhaline,2.71,5.19,32.567451,West Coast,NA31,3.46,5,-3,0.8,0.68,64.19,1.63,0.24,,,,,0.25,0.375,0.375,51.33333333,2.0725125,41.5,1.350366667
TJR,South Beach,Mid,0.371486526,,-0.371355216,-0.6345722,-0.003694854,-0.012797165,-0.002641073,0.005440408,,,,-2.469890668,,,0.259327027,,,2.841377194,0.003889957,,-0.369491128,,,,-0.003666667,0.127017544,0.005900585,Back Barrier,Mesotidal,Polyhaline,2.71,5.19,32.547729,West Coast,NA31,3.46,3,-1,0.3,0.43,19.47,1.63,0.03,,,,,0,0.857142857,0.142857143,66.26190476,2.098428571,66.58333333,2.175477778
TJR,South Beach,Up,0.460543646,,-0.460543646,-0.460543646,0,-0.008083811,0.008310492,0,,,,0.460543646,,,0,,,0,0,,-1.914284404,,,,-0.003666667,0.127017544,0.005900585,Back Barrier,Mesotidal,Polyhaline,2.71,5.19,32.547729,West Coast,NA31,3.46,3,-1,0.3,0.43,19.47,1.63,0.03,,,,,0,0.857142857,0.142857143,66.26190476,2.098428571,64.33333333,1.636133333
TJR,V1,Low,-0.422925389,,0.422925389,0.422925389,-0.004229254,0,0,0,,,,-0.422925389,,,0,,,0,0,,0.422925389,,,,-0.003666667,0.127017544,0.005900585,Back Barrier,Mesotidal,Polyhaline,2.71,5.19,32.550214,West Coast,NA31,3.46,3,-1,0.3,0.43,19.47,1.63,0.03,,,,,0.148148148,0.592592593,0.259259259,30.25925926,1.888362963,61.075,2.37005
TJR,V1,Mid,2.075983941,,-2.076002878,-2.076002878,-0.003104087,-0.007958386,-0.001175037,0,,,,2.054772246,,,0,,,0.021211696,0,,-2.221881322,,,,-0.003666667,0.127017544,0.005900585,Back Barrier,Mesotidal,Polyhaline,2.71,5.19,32.550214,West Coast,NA31,3.46,3,-1,0.3,0.43,19.47,1.63,0.03,,,,,0.148148148,0.592592593,0.259259259,30.25925926,1.888362963,34.6375,1.9421375
TJR,V1,Up,0.523171801,,-0.52286878,-0.513257488,0,0.041553257,0.005047329,0.000112047,,,,0.257783938,,,0,,,0.265387864,-0.009611291,,-0.520855928,,,,-0.003666667,0.127017544,0.005900585,Back Barrier,Mesotidal,Polyhaline,2.71,5.19,32.550214,West Coast,NA31,3.46,3,-1,0.3,0.43,19.47,1.63,0.03,,,,,0.148148148,0.592592593,0.259259259,30.25925926,1.888362963,2.642857143,1.4902
TJR,V3,Mid,-0.743621954,,0.743639622,0.61148309,-0.000955427,-0.00025893,0.01099763,-0.001316899,,,,-1.390670134,,,0.020225499,,,0.647048181,0.111931033,,-0.018780344,,,,-0.003666667,0.127017544,0.005900585,Back Barrier,Mesotidal,Polyhaline,2.71,5.19,32.565256,West Coast,NA31,3.46,5,-3,0.8,0.68,64.19,1.63,0.24,,,,,0,1,0,50.85416667,1.817295833,50.85416667,1.817295833
TJR,V4,Mid,-0.80677954,,0.806605634,0.80908298,0.001329119,-0.11911252,-0.017150918,2.51E-05,,,,-0.833449571,,,0.000131709,,,0.026670032,-0.002609056,,0.04157194,,,,-0.003666667,0.127017544,0.005900585,Back Barrier,Mesotidal,Polyhaline,2.71,5.19,32.574838,West Coast,NA31,3.46,5,-3,0.8,0.68,64.19,1.63,0.24,,1.33,-1.38,-3.86,0.041666667,0.958333333,0,29.525,1.63895,30.56956522,1.647365217
TJR,V4,Low,-1.46604414,,1.465559281,1.465559281,-0.014660381,-0.224250722,-0.024947245,0,,,,-1.46604414,,,0,,,0,0,,0.073431305,,,,-0.003666667,0.127017544,0.005900585,Back Barrier,Mesotidal,Polyhaline,2.71,5.19,32.574838,West Coast,NA31,3.46,5,-3,0.8,0.68,64.19,1.63,0.24,,1.33,-1.38,-3.86,0.041666667,0.958333333,0,29.525,1.63895,5.5,1.4454
TJR,Brazo Creek,Mid,-1.878815522,,1.878315551,1.228378037,-0.021152222,0.079995327,0.075821869,-0.006304168,,,,-0.625018937,,,0.649937514,,,-1.253796585,0,,-3.40955355,,,,-0.003666667,0.127017544,0.005900585,Back Barrier,Mesotidal,Polyhaline,2.71,5.19,32.5465,West Coast,NA31,3.46,3,-1,0.3,0.43,19.47,1.63,0.03,,,,,0,0.833333333,0.166666667,,,,
TJR,Brazo Creek,Up,-5.914066115,,5.912066524,5.731758298,0,-2.92E-05,0.030096817,-0.004161794,,,,2.652611548,,,0.180308225,,,-8.566677663,0,,0,,,,-0.003666667,0.127017544,0.005900585,Back Barrier,Mesotidal,Polyhaline,2.71,5.19,32.5465,West Coast,NA31,3.46,3,-1,0.3,0.43,19.47,1.63,0.03,,,,,0,0.833333333,0.166666667,,,,
TJR,Horse Trail,Mid,-0.934559754,,0.934559754,0.92055524,-0.000198203,-0.026662774,-0.014703615,-0.000147416,,,,-0.519935767,,,0.014004514,,,-0.414623987,0,,0.566637188,,,,-0.003666667,0.127017544,0.005900585,Back Barrier,Mesotidal,Polyhaline,2.71,5.19,32.5446,West Coast,NA31,3.46,3,-1,0.3,0.43,19.47,1.63,0.03,,,,,0,1,0,,,,
TJR,Model Marsh,Mid,-2.120581863,,2.120486625,2.120486625,-0.014823872,-0.04286159,-0.011099241,9.46E-17,,,,-2.603422051,,,0,,,0.482840188,0,,2.27815687,,,,-0.003666667,0.127017544,0.005900585,Back Barrier,Mesotidal,Polyhaline,2.71,5.19,32.5458,West Coast,NA31,3.46,3,-1,0.3,0.43,19.47,1.63,0.03,,6.59,3.88,1.4,0.125,0.875,0,,,,
TJR,Model Marsh,Low,-4.272271465,,4.272271465,4.272271465,-0.055489509,1.65E-16,0.036715402,9.93E-17,,,,-5.548950941,,,0,,,1.276679476,0,,3.273381116,,,,-0.003666667,0.127017544,0.005900585,Back Barrier,Mesotidal,Polyhaline,2.71,5.19,32.5458,West Coast,NA31,3.46,3,-1,0.3,0.43,19.47,1.63,0.03,,6.59,3.88,1.4,0.125,0.875,0,,,,
WEL,WB,Low,-0.133457792,-0.320425326,0.133291836,-0.127953582,-0.000365634,-0.052868743,-0.019371649,0.000179852,,,-0.016046602,0,-0.010326774,0,0,0,-1.420912514,0.203014136,-0.012300062,,,,,0.283872253,0.001385965,0.159321637,-0.120923977,Back Barrier,Mesotidal,Polyhaline,1.57,2.52,43.32330483,Northeast,NA10,,3,-4,2.77,2.16,39.44,2.9,0.66,,4.4468,2.8768,1.9268,0.2,0.6,0.2,58.23,1.39975,3.0375,1.23125
WEL,WB,Mid,-0.175122647,-0.198205725,0.17498227,0.032850294,0.005183632,-0.062909467,-0.011753038,-4.72E-20,,,-0.003809997,0,-0.025967041,0,0,-0.009621859,-0.51442808,0.026893075,0,,,,,0.168099018,0.001385965,0.159321637,-0.120923977,Back Barrier,Mesotidal,Polyhaline,1.57,2.52,43.32330483,Northeast,NA10,,3,-4,2.77,2.16,39.44,2.9,0.66,,4.4468,2.8768,1.9268,0.2,0.6,0.2,58.23,1.39975,53.69583333,1.349583333
WEL,WB,Up,0.191217026,-0.058590768,-0.191090163,-1.004422768,-0.005773769,0.098622444,0.020495585,-0.003779352,,,0,0,0.427127168,0.007400247,0.05103579,-0.134401989,-0.870164194,0.249807793,0.327769399,,,,,0,0.001385965,0.159321637,-0.120923977,Back Barrier,Mesotidal,Polyhaline,1.57,2.52,43.32330483,Northeast,NA10,,3,-4,2.77,2.16,39.44,2.9,0.66,,4.4468,2.8768,1.9268,0.2,0.6,0.2,58.23,1.39975,127.025,1.71875
WQB,Section 2,Low,-0.756881049,-0.237689007,0.756962092,0.48984106,0.003268606,-0.007878188,-0.008986608,-5.40E-18,0.310532634,,-0.473884513,,0,0,0,0,-0.004074443,-0.045307529,0,,,,,0.267121032,0.002333333,0.153684211,-0.25877193,Back Barrier,Microtidal,Polyhaline,3.59,5.1,41.554168,Northeast,NA25,1.06,3,-6,2.94,0.38,48.7,1.37,0.7,,3.35,-0.24,-1.75,0.510638298,0.425531915,0.063829787,73.76595745,0.162043478,52.08333333,0.057083333
WQB,Section 2,Mid,0.598672974,0.503797054,-0.598367462,-0.645650307,0.018922737,-0.020237826,-0.030668534,-0.000302475,1.364984609,,0.352322238,,-8.14E-05,0,0.023886388,0,-0.783639499,-0.257446318,-0.000162616,,,,,0.023640456,0.002333333,0.153684211,-0.25877193,Back Barrier,Microtidal,Polyhaline,3.59,5.1,41.554168,Northeast,NA25,1.06,3,-6,2.94,0.38,48.7,1.37,0.7,,3.35,-0.24,-1.75,0.510638298,0.425531915,0.063829787,73.76595745,0.162043478,89,0.2465
WQB,Section 2,Up,2.193110861,0.445122179,-2.192668132,-1.910147548,-0.017477945,-0.022528612,-0.055252647,-1.24E-17,0,,0.578313109,,-0.282520584,0,0,-0.060988802,-1.380159123,1.169675574,0,,,,,0,0.002333333,0.153684211,-0.25877193,Back Barrier,Microtidal,Polyhaline,3.59,5.1,41.554168,Northeast,NA25,1.06,3,-6,2.94,0.38,48.7,1.37,0.7,,3.35,-0.24,-1.75,0.510638298,0.425531915,0.063829787,73.76595745,0.162043478,145.6666667,0.577
WQB,Section 1,Mid,2.244226662,0.842032617,-2.24397981,-2.036380614,0.011518106,0.123246376,-0.02535824,0,0.517476024,,0.949416342,,0,0,0,0,-0.55159396,0.452777703,0,,,,,-0.207599196,0.002333333,0.153684211,-0.25877193,Back Barrier,Microtidal,Polyhaline,3.59,5.1,41.552199,Northeast,NA25,1.06,3,-6,2.94,0.38,48.7,1.37,0.7,,2.39,-1.2,-2.71,0.815789474,0.105263158,0.078947368,59.78947368,0.060816789,107.5,0.280694938
WQB,Section 1,Low,-0.018935954,0.325173831,0.019113421,-0.799832902,0.010841943,0.104609525,0.021365819,-3.51E-17,-0.886874085,,0.149869672,,0,0,0,0,-0.051660524,-0.493979458,0,,,,,0.818946323,0.002333333,0.153684211,-0.25877193,Back Barrier,Microtidal,Polyhaline,3.59,5.1,41.552199,Northeast,NA25,1.06,3,-6,2.94,0.38,48.7,1.37,0.7,,2.39,-1.2,-2.71,0.815789474,0.105263158,0.078947368,59.78947368,0.060816789,48.06451613,-0.03309425
WQB,Section 3,Mid,0.314685459,0.610871107,-0.314327035,-0.680784168,0.015121279,0.026906579,-0.012833022,6.69E-07,0.517931961,,0.07048659,,-0.016899546,0,0,0,-0.207923716,-0.366672238,-5.61E-05,,,,,0.383412783,0.002333333,0.153684211,-0.25877193,Back Barrier,Microtidal,Polyhaline,3.59,5.1,41.553776,Northeast,NA25,1.06,3,-6,2.94,0.38,48.7,1.37,0.7,,2.02,-1.57,-3.08,0.282051282,0.58974359,0.128205128,56.76923077,0.13505353,53.17391304,0.129814424
WQB,Section 3,Up,-1.676522665,0.207064044,1.676931933,2.021202138,0.024394019,-0.110703434,-0.0267736,0.009879277,0,,-0.506014916,,0.211436677,-0.389547821,-0.062261104,0.040089259,-0.509290971,-1.377571793,-0.103897957,,,,,0,0.002333333,0.153684211,-0.25877193,Back Barrier,Microtidal,Polyhaline,3.59,5.1,41.553776,Northeast,NA25,1.06,3,-6,2.94,0.38,48.7,1.37,0.7,,2.02,-1.57,-3.08,0.282051282,0.58974359,0.128205128,56.76923077,0.13505353,94.6,0.37345585
WQB,Section 3,Low,-0.456775014,-0.20819711,0.456951036,-0.288230132,0.009839442,0.015020916,0.011687672,-2.88E-17,-0.498061347,,0.01673763,,0,0,0,0,-0.008105412,-0.265315534,0,,,,,0.745181167,0.002333333,0.153684211,-0.25877193,Back Barrier,Microtidal,Polyhaline,3.59,5.1,41.553776,Northeast,NA25,1.06,3,-6,2.94,0.38,48.7,1.37,0.7,,2.02,-1.57,-3.08,0.282051282,0.58974359,0.128205128,56.76923077,0.13505353,47.09090909,0.037643333
WQB,Section 1,Up,-0.469440859,-2.263484543,0.469305613,-3.110864097,-0.051491689,-0.018957906,0.023685154,-0.045523878,0,,3.760842494,,0.224658711,1.964015773,1.427841786,0,-1.339408458,-1.96679881,-0.03634656,,,,,0,0.002333333,0.153684211,-0.25877193,Back Barrier,Microtidal,Polyhaline,3.59,5.1,41.552199,Northeast,NA25,1.06,3,-6,2.94,0.38,48.7,1.37,0.7,,2.39,-1.2,-2.71,0.815789474,0.105263158,0.078947368,59.78947368,0.060816789,117.3333333,0.73806
